1,318, 750, 1104, 1204, 3451, 858, 904, 898, 1178, 177593, 246, 922, 48516, 5690, 1217, 951, 1276, 741, 56782, 912
2,1204, 750, 1104, 858, 246, 177593, 3451, 2959, 1217, 1178, 904, 3468, 922, 3435, 5690, 296, 1267, 1199, 898, 930
3,318, 750, 922, 741, 1104, 475, 56782, 1280, 858, 142488, 3266, 904, 1719, 80906, 4967, 106642, 2959, 296, 105504, 2019
4,318, 750, 3451, 1204, 858, 1104, 56782, 48516, 1217, 741, 951, 1178, 50, 1233, 246, 3468, 1208, 1221, 3275, 5690
5,1204, 750, 1104, 922, 858, 1178, 2959, 904, 898, 3451, 48516, 1213, 260, 741, 3468, 1208, 3836, 56782, 3275, 1276
6,750, 1104, 1204, 858, 898, 2959, 904, 3451, 1217, 1178, 246, 48516, 951, 922, 177593, 1213, 1237, 912, 1208, 3275
7,1104, 318, 3451, 858, 1204, 904, 898, 2959, 951, 1178, 741, 922, 296, 475, 142488, 1217, 5690, 1213, 1136, 1221
8,3451, 750, 1104, 858, 1204, 2959, 1178, 904, 898, 1213, 922, 1221, 1199, 48516, 3275, 56782, 260, 1248, 1208, 3836
9,318, 750, 177593, 1178, 1104, 3451, 1204, 1217, 898, 858, 2959, 951, 904, 296, 3275, 3435, 1041, 246, 50, 1213
10,318, 750, 1104, 3451, 898, 904, 858, 1204, 56782, 1217, 922, 48516, 246, 1237, 741, 3468, 951, 3275, 50, 177593
11,750, 898, 1204, 1104, 858, 2959, 904, 177593, 922, 741, 3451, 1217, 48516, 296, 1178, 50, 1041, 1213, 1208, 5690
12,318, 750, 858, 1204, 1104, 2959, 922, 1178, 951, 56782, 3451, 3275, 904, 296, 1213, 48516, 50, 1237, 5690, 1199
13,318, 750, 1204, 951, 898, 3451, 904, 720, 1178, 858, 1104, 2959, 922, 3468, 246, 1199, 2019, 296, 3030, 48516
14,1104, 1204, 750, 858, 904, 1217, 1178, 2959, 3451, 475, 177593, 56782, 3435, 898, 48516, 741, 1213, 50, 922, 912
15,750, 1104, 1204, 1178, 904, 898, 951, 3451, 3468, 1217, 48516, 720, 50, 246, 1136, 741, 1213, 1248, 56782, 1276
16,1104, 1204, 3451, 898, 951, 741, 1217, 48516, 1178, 246, 922, 177593, 56782, 3275, 3468, 1248, 5690, 1221, 1041, 1233
17,1104, 1204, 3451, 898, 1178, 951, 922, 741, 1276, 246, 1208, 1136, 3275, 4973, 177593, 912, 1217, 3468, 56782, 5690
18,750, 1104, 1204, 3451, 898, 1178, 1217, 951, 741, 922, 246, 56782, 475, 912, 1197, 1248, 1199, 720, 3468, 5690
19,318, 1104, 750, 1204, 3451, 858, 898, 1178, 951, 296, 741, 48516, 50, 1213, 177593, 1217, 922, 1208, 1221, 3468
20,318, 3451, 750, 1104, 1204, 858, 2959, 904, 898, 1178, 296, 50, 922, 48516, 5690, 741, 1217, 1213, 1276, 3275
21,318, 1204, 1104, 750, 904, 898, 3451, 1217, 951, 246, 1178, 48516, 5690, 50, 1208, 1276, 741, 1213, 912, 1248
22,750, 1178, 106642, 3451, 951, 1204, 1104, 1041, 904, 741, 720, 3275, 296, 1213, 50, 246, 1267, 177593, 1235, 1208
23,318, 1104, 1204, 3451, 2959, 898, 951, 48516, 3275, 922, 56782, 246, 3468, 177593, 1276, 1178, 260, 1197, 720, 5690
24,750, 1104, 1204, 858, 898, 3451, 904, 2959, 951, 741, 1178, 48516, 922, 1217, 1213, 246, 1208, 1276, 3468, 1136
25,318, 750, 1104, 1204, 3451, 858, 904, 898, 2959, 56782, 3468, 246, 1178, 1217, 296, 1237, 951, 48516, 922, 741
26,3451, 318, 750, 1204, 858, 1104, 904, 2959, 951, 922, 898, 741, 48516, 1217, 50, 1213, 1248, 1221, 1136, 3275
27,318, 750, 1178, 1104, 1204, 858, 904, 2959, 898, 296, 741, 720, 48516, 1217, 50, 1213, 1208, 912, 475, 246
28,750, 1104, 1204, 3451, 904, 1217, 741, 951, 1178, 246, 177593, 922, 5690, 4973, 912, 720, 3468, 2324, 2019, 1248
29,1104, 898, 2959, 1217, 3451, 951, 3468, 922, 246, 475, 1178, 741, 1248, 720, 1237, 5690, 3275, 1221, 56782, 177593
30,1104, 750, 1204, 3451, 858, 2959, 904, 1178, 5690, 898, 951, 1217, 296, 177593, 48516, 4973, 50, 1089, 1213, 912
31,3451, 318, 750, 1204, 1104, 858, 2959, 246, 1276, 904, 1217, 3275, 3468, 48516, 296, 898, 5690, 3508, 720, 1213
32,3451, 750, 1204, 858, 904, 2959, 898, 741, 720, 951, 48516, 1217, 1178, 1276, 1213, 922, 1136, 4973, 1221, 475
33,750, 1104, 1204, 858, 1217, 3451, 2959, 904, 898, 951, 922, 1178, 3275, 56782, 48516, 1276, 246, 1248, 260, 1221
34,1204, 1104, 750, 1178, 858, 5690, 904, 3468, 475, 898, 1248, 1217, 296, 922, 246, 951, 50, 1276, 48516, 741
35,318, 750, 1204, 922, 858, 904, 1178, 2959, 3451, 898, 741, 177593, 951, 1104, 3435, 296, 1283, 1213, 1221, 1217
36,750, 3451, 1204, 1217, 858, 1104, 2959, 246, 922, 296, 48516, 50, 3275, 1213, 1178, 898, 56782, 5690, 1237, 260
37,1104, 1204, 750, 898, 1217, 3451, 858, 922, 2959, 1178, 951, 904, 48516, 720, 168252, 1237, 1248, 4973, 246, 1213
38,750, 1178, 1204, 1104, 858, 904, 2959, 3451, 720, 898, 1217, 922, 48516, 5690, 1213, 912, 1237, 56782, 1208, 1276
39,318, 750, 1104, 1204, 3451, 2959, 904, 1217, 1178, 898, 951, 741, 48516, 177593, 922, 1208, 912, 56782, 4973, 1237
40,750, 1104, 1204, 858, 898, 904, 2959, 1178, 3451, 1217, 246, 1041, 50, 5690, 951, 1276, 177593, 48516, 1213, 912
41,318, 1104, 3451, 1204, 1178, 858, 904, 951, 1217, 246, 3275, 720, 898, 3468, 177593, 922, 56782, 1237, 741, 1199
42,750, 1104, 1204, 904, 898, 3451, 1178, 951, 1217, 922, 48516, 1237, 1208, 246, 475, 5690, 3468, 720, 1136, 56782
43,50, 260, 527, 593, 608, 1089, 1136, 1196, 1197, 1198, 1208, 1213, 1222, 1258, 1617, 2329, 2502, 2571, 2959, 3147
44,318, 750, 1104, 5690, 3435, 1204, 1178, 858, 2959, 922, 3030, 1217, 904, 898, 296, 48516, 475, 56782, 741, 50
45,318, 750, 1204, 1104, 3451, 898, 904, 1178, 951, 741, 922, 48516, 1217, 177593, 3468, 3275, 1276, 56782, 4973, 1208
46,750, 1204, 1104, 858, 3451, 2959, 904, 951, 1178, 922, 3275, 296, 48516, 1217, 5690, 720, 2160, 177593, 898, 3508
47,1104, 1204, 750, 1178, 3451, 858, 904, 720, 898, 296, 741, 1248, 48516, 50, 1217, 246, 1276, 1213, 1136, 951
48,318, 750, 1104, 1204, 3451, 858, 904, 898, 741, 951, 2959, 3468, 3275, 1178, 296, 56782, 50, 246, 2324, 1213
49,750, 1204, 1104, 1217, 858, 475, 2959, 904, 177593, 1041, 5690, 898, 922, 296, 48516, 1136, 3451, 1178, 1221, 50
50,1104, 904, 3451, 898, 951, 1217, 922, 50, 48516, 1276, 1213, 1221, 1178, 3275, 260, 5690, 4973, 475, 912, 1089
51,318, 1104, 750, 1204, 3451, 898, 2959, 951, 904, 741, 296, 1217, 1248, 56782, 48516, 3275, 50, 1178, 1213, 1136
52,750, 1204, 1104, 3451, 858, 904, 1178, 898, 741, 296, 922, 50, 3468, 951, 1213, 246, 475, 5690, 1276, 1136
53,47, 50, 110, 260, 296, 356, 457, 527, 593, 608, 923, 954, 1089, 1090, 1136, 1196, 1197, 1198, 1206, 1208
54,1104, 750, 1178, 1204, 858, 2959, 3451, 904, 741, 246, 1267, 5690, 898, 48516, 720, 1213, 922, 56782, 1136, 1199
55,318, 720, 750, 3030, 1104, 1178, 858, 3508, 951, 904, 2959, 246, 1204, 3451, 1041, 296, 1276, 898, 1217, 3037
56,1104, 750, 1204, 858, 1178, 2959, 904, 922, 720, 898, 475, 48516, 3451, 3468, 5690, 1213, 50, 3435, 1248, 741
57,318, 1104, 2959, 3451, 1178, 898, 1217, 741, 5690, 48516, 177593, 246, 1213, 3275, 4973, 475, 56782, 1089, 1199, 3468
58,3451, 750, 1104, 1204, 858, 2959, 1178, 904, 898, 1217, 5690, 741, 951, 48516, 246, 922, 1213, 56782, 1136, 1208
59,318, 3451, 1104, 1204, 2959, 1178, 177593, 296, 951, 898, 1217, 48516, 3468, 50, 5690, 246, 1276, 1213, 1248, 475
60,898, 1204, 750, 1104, 3451, 2959, 904, 177593, 720, 3037, 57669, 922, 1276, 56782, 5690, 1197, 1283, 1178, 296, 48516
61,1104, 750, 1178, 1204, 3451, 858, 922, 904, 2959, 1217, 5690, 296, 898, 741, 3275, 1136, 951, 260, 475, 56782
62,1104, 750, 1204, 3451, 904, 898, 1217, 1178, 951, 741, 50, 1213, 177593, 246, 1276, 1208, 922, 5690, 1136, 3275
63,750, 1104, 1204, 3451, 904, 898, 1178, 1217, 475, 3275, 741, 951, 922, 246, 1276, 3468, 56782, 4973, 177593, 1197
64,750, 1104, 3451, 898, 904, 1178, 951, 741, 48516, 922, 475, 246, 3275, 912, 1248, 1199, 720, 56782, 177593, 3435
65,1104, 1204, 750, 898, 1217, 858, 904, 3451, 48516, 296, 741, 56782, 1213, 951, 1178, 260, 50, 2324, 3508, 1276
66,750, 1204, 1104, 3451, 858, 904, 898, 1178, 741, 951, 48516, 177593, 1221, 5690, 3275, 4973, 1208, 1276, 1248, 475
67,750, 1104, 1204, 951, 858, 898, 904, 741, 922, 1248, 3451, 246, 475, 720, 1178, 1041, 5690, 50, 3275, 1276
68,750, 1104, 1204, 3451, 904, 898, 1217, 1178, 951, 922, 3468, 5690, 177593, 741, 246, 56782, 475, 720, 1199, 3435
69,3451, 750, 951, 858, 2959, 1104, 1204, 741, 898, 1178, 904, 1217, 48516, 922, 177593, 1213, 246, 1208, 3030, 3275
70,1104, 750, 1204, 898, 2959, 1217, 904, 951, 1178, 296, 3275, 48516, 922, 177593, 1041, 741, 3508, 1213, 3451, 50
71,3451, 1204, 1104, 318, 750, 1217, 858, 5690, 2959, 741, 951, 904, 898, 720, 296, 48516, 2360, 2160, 922, 1248
72,1204, 750, 3451, 1104, 2959, 904, 741, 1217, 1237, 922, 1178, 898, 1213, 1208, 5690, 48516, 3435, 3468, 1276, 1089
73,318, 750, 1204, 1104, 3451, 858, 2959, 904, 898, 741, 1248, 296, 1217, 1178, 48516, 50, 951, 1276, 246, 720
74,318, 750, 1104, 1204, 3451, 1178, 2959, 898, 904, 951, 246, 5690, 922, 741, 50, 1213, 3275, 1136, 1276, 260
75,318, 1104, 750, 898, 3451, 858, 904, 2959, 296, 1178, 5690, 1276, 50, 1248, 1217, 3275, 48516, 1213, 142488, 1208
76,1104, 1204, 3451, 898, 904, 1217, 922, 48516, 3275, 475, 951, 741, 50, 4973, 1178, 1197, 1237, 3468, 7361, 912
77,3451, 318, 750, 1104, 858, 898, 2959, 904, 1204, 951, 48516, 741, 1217, 922, 1237, 56782, 246, 1213, 142488, 296
78,3451, 1104, 750, 1204, 858, 1178, 2959, 5690, 3030, 904, 246, 898, 922, 3508, 3275, 56782, 50, 1213, 48516, 1136
79,318, 750, 1204, 1104, 3451, 951, 898, 2959, 1217, 904, 296, 741, 1178, 1248, 922, 1213, 50, 1276, 1089, 48516
80,750, 1204, 1104, 3451, 898, 904, 1217, 296, 1178, 951, 741, 177593, 922, 1213, 246, 3468, 1276, 1136, 260, 1208
81,1104, 898, 1204, 741, 750, 858, 56782, 177593, 2959, 904, 1178, 3451, 3266, 71899, 2360, 2019, 1276, 912, 922, 1208
82,318, 750, 1104, 1204, 3451, 898, 2959, 904, 951, 1178, 296, 48516, 1217, 741, 177593, 50, 3468, 1213, 3275, 922
83,3451, 898, 1104, 858, 2959, 951, 1217, 1248, 904, 296, 177593, 922, 48516, 50, 1276, 1213, 1178, 260, 1089, 246
84,750, 1204, 3451, 2959, 1178, 48516, 177593, 741, 56782, 1221, 3275, 4973, 1089, 1248, 5690, 3468, 3435, 7361, 1237, 2571
85,318, 3451, 750, 741, 898, 1204, 858, 904, 1104, 177593, 2959, 56782, 246, 142488, 922, 1217, 1178, 3468, 296, 1228
86,750, 1204, 1104, 3451, 951, 858, 904, 898, 1217, 296, 922, 741, 48516, 50, 5690, 1213, 3468, 1248, 1208, 4973
87,1104, 318, 750, 1204, 1248, 858, 898, 2959, 1217, 177593, 296, 904, 1276, 3275, 48516, 1213, 50, 951, 1233, 1221
88,1104, 1204, 750, 1178, 3451, 922, 177593, 858, 246, 2959, 3435, 3468, 904, 951, 720, 5690, 296, 898, 1217, 933
89,318, 3451, 1204, 1104, 858, 2959, 904, 741, 1217, 1248, 1178, 296, 922, 48516, 50, 1213, 3468, 1208, 1276, 260
90,318, 750, 1204, 177593, 858, 2959, 904, 1217, 1104, 922, 951, 3451, 1178, 296, 898, 741, 1248, 50, 1276, 56782
91,1104, 1204, 3451, 898, 1178, 1217, 922, 951, 48516, 246, 56782, 475, 5690, 4973, 7361, 720, 177593, 930, 3435, 1248
92,318, 750, 1204, 858, 1104, 741, 1248, 1217, 2959, 904, 922, 898, 1178, 296, 246, 951, 1235, 720, 50, 48516
93,1104, 750, 1204, 3451, 858, 904, 2959, 898, 296, 48516, 1217, 3275, 951, 922, 1213, 50, 741, 1276, 1178, 1136
94,1204, 1104, 750, 858, 2959, 951, 904, 177593, 3451, 898, 741, 3468, 48516, 50, 1276, 1213, 38061, 246, 1217, 1178
95,318, 1104, 750, 1204, 858, 2959, 904, 3451, 1178, 898, 1217, 296, 951, 50, 48516, 1213, 246, 1276, 3275, 177593
96,318, 1104, 750, 1204, 3451, 2959, 904, 1178, 1217, 930, 48516, 2019, 898, 246, 3435, 741, 3468, 71899, 922, 1213
97,318, 750, 3451, 1104, 1204, 2959, 904, 951, 1178, 922, 1217, 1041, 296, 177593, 1213, 1221, 898, 3275, 50, 720
98,318, 1104, 750, 1204, 2959, 741, 296, 898, 1178, 1248, 922, 951, 48516, 3275, 50, 1213, 720, 3451, 475, 3508
99,1104, 750, 1204, 1178, 858, 898, 2959, 922, 56782, 904, 3451, 246, 930, 741, 48516, 475, 1213, 1237, 912, 50
100,318, 1104, 750, 3451, 1204, 858, 904, 2959, 1217, 898, 1178, 48516, 50, 5690, 951, 246, 912, 177593, 260, 1208
101,1104, 318, 750, 1204, 858, 1217, 898, 904, 3451, 296, 3275, 951, 1208, 48516, 1213, 56782, 1221, 922, 4973, 5690
102,750, 1204, 3451, 2959, 904, 858, 898, 177593, 1104, 1178, 951, 3468, 922, 246, 1041, 3435, 48516, 4973, 1217, 50
103,1104, 1204, 904, 3451, 898, 1178, 951, 1217, 922, 741, 3275, 246, 1136, 1276, 1199, 5690, 475, 1248, 2324, 1041
104,318, 750, 1104, 3451, 1204, 904, 2959, 898, 741, 296, 1178, 1217, 922, 48516, 50, 951, 1213, 1276, 475, 912
105,1104, 1204, 3451, 898, 1217, 951, 246, 741, 1276, 1136, 177593, 3468, 1248, 475, 1197, 720, 930, 3435, 1196, 1237
106,1104, 750, 1204, 858, 951, 904, 3468, 898, 2959, 5690, 1217, 3451, 1248, 296, 3275, 50, 246, 48516, 475, 1213
107,750, 1204, 1104, 1041, 858, 922, 2959, 904, 898, 720, 246, 3435, 3451, 1217, 56782, 50, 48516, 1213, 741, 3508
108,318, 750, 1104, 858, 898, 1178, 904, 2959, 177593, 720, 48516, 296, 475, 56782, 3030, 3451, 1136, 951, 3275, 3508
109,750, 1104, 1204, 858, 3451, 1178, 2959, 904, 898, 1217, 951, 48516, 1213, 741, 260, 475, 912, 1136, 1221, 1208
110,318, 1204, 750, 1104, 858, 904, 898, 177593, 951, 1213, 3451, 922, 48516, 50, 3275, 56782, 260, 741, 5690, 1178
111,750, 1104, 1204, 898, 858, 904, 1178, 3451, 296, 1217, 246, 951, 5690, 50, 1213, 741, 922, 1208, 475, 1089
112,318, 3451, 750, 1104, 1204, 858, 898, 904, 2959, 922, 741, 1217, 5690, 1178, 296, 56782, 48516, 3275, 1213, 912
113,318, 750, 1104, 898, 1204, 2959, 951, 1217, 246, 296, 48516, 50, 3508, 1199, 177593, 1237, 922, 3275, 1223, 1213
114,3451, 318, 1204, 750, 1104, 858, 898, 475, 904, 2959, 57669, 5690, 1178, 296, 1217, 1276, 1208, 912, 3030, 50
115,318, 1204, 1104, 750, 3451, 1178, 898, 858, 5690, 2959, 904, 951, 3435, 177593, 1217, 741, 48516, 922, 50, 56782
116,318, 1104, 750, 3451, 1204, 898, 2959, 741, 904, 1217, 951, 296, 48516, 720, 1041, 50, 1213, 1248, 4973, 1178
117,750, 1104, 1204, 3451, 858, 2959, 904, 898, 1178, 1217, 951, 48516, 922, 1213, 741, 177593, 1276, 5690, 1136, 260
118,3451, 318, 750, 1204, 2959, 1178, 898, 5690, 951, 904, 922, 57669, 50, 3836, 3266, 3508, 48516, 1136, 475, 260
119,750, 1104, 1204, 3451, 858, 904, 2959, 898, 1178, 1217, 922, 50, 741, 1213, 951, 1276, 912, 260, 1208, 4973
120,318, 1104, 750, 1204, 898, 2959, 922, 904, 246, 3451, 1199, 5690, 1178, 296, 56782, 1136, 1208, 1213, 912, 50
121,1104, 750, 1204, 3451, 858, 898, 2959, 904, 1178, 1217, 741, 48516, 50, 1213, 260, 1208, 4973, 1221, 57669, 951
122,750, 1104, 1204, 3451, 904, 898, 1178, 951, 1217, 741, 922, 1221, 246, 5690, 4973, 912, 475, 3468, 177593, 1248
123,3451, 750, 1104, 858, 904, 1204, 898, 1237, 951, 1217, 922, 246, 48516, 5690, 1178, 1213, 3468, 177593, 56782, 3435
124,750, 1104, 1204, 858, 951, 2959, 898, 904, 177593, 1217, 3451, 3275, 246, 1041, 1213, 48516, 1136, 720, 1208, 1178
125,750, 1104, 1204, 3451, 904, 898, 951, 1178, 741, 1217, 50, 922, 1213, 177593, 1136, 1276, 260, 1208, 1248, 912
126,750, 1204, 1104, 858, 2959, 1217, 898, 904, 922, 741, 3451, 246, 1178, 50, 1208, 1213, 1276, 5690, 260, 56782
127,318, 750, 1204, 1104, 858, 177593, 904, 3451, 2959, 246, 3508, 1223, 1199, 1248, 3266, 933, 1041, 1235, 912, 3468
128,318, 1104, 750, 1204, 1178, 858, 3451, 2959, 3037, 3468, 50, 1237, 296, 48516, 3030, 1245, 162, 1089, 475, 1217
129,318, 750, 1104, 3451, 1204, 858, 904, 898, 1178, 1217, 296, 48516, 951, 922, 50, 1213, 741, 56782, 1276, 246
130,3451, 1104, 750, 1178, 858, 904, 1204, 2959, 3037, 741, 177593, 1276, 3275, 5690, 48516, 1248, 1223, 898, 1217, 57669
131,750, 1204, 898, 2959, 3451, 904, 1178, 741, 951, 1217, 1248, 246, 56782, 1041, 475, 3275, 1208, 4973, 930, 177593
132,750, 1104, 1204, 3451, 898, 1178, 951, 1217, 922, 5690, 1213, 246, 741, 1208, 1276, 1136, 475, 720, 1197, 1199
133,750, 1204, 1217, 1104, 858, 2959, 3451, 3030, 1178, 904, 898, 177593, 48516, 1248, 922, 741, 720, 1208, 1233, 1213
134,318, 750, 1104, 898, 1204, 904, 858, 3451, 2959, 1217, 951, 741, 177593, 48516, 1041, 50, 1248, 1213, 1233, 1221
135,750, 1104, 1204, 3451, 904, 1178, 898, 951, 741, 48516, 50, 922, 246, 1217, 475, 1276, 5690, 1208, 1221, 1089
136,318, 1204, 1104, 750, 858, 904, 1217, 2959, 898, 1178, 50, 3037, 48516, 1213, 246, 177593, 260, 1276, 741, 1089
137,1104, 3451, 898, 1178, 1217, 48516, 50, 1213, 475, 5690, 1248, 1276, 741, 3275, 1089, 4973, 56782, 1199, 2019, 7361
138,318, 1178, 1204, 246, 3468, 750, 858, 1104, 56782, 45728, 3201, 2959, 922, 3275, 3451, 951, 1262, 2202, 1208, 296
139,318, 1104, 750, 3451, 1204, 858, 904, 2959, 898, 951, 296, 741, 48516, 50, 1213, 1178, 475, 922, 1217, 1136
140,750, 1104, 2959, 904, 898, 1178, 1217, 741, 951, 3275, 1136, 5690, 1208, 922, 4973, 475, 1197, 177593, 56782, 1248
141,750, 1104, 3451, 1204, 898, 904, 1217, 1178, 741, 951, 50, 1213, 922, 1276, 56782, 1136, 1208, 1221, 912, 1089
142,318, 750, 1104, 858, 1204, 898, 2959, 951, 1237, 904, 922, 177593, 246, 3275, 1217, 3451, 1178, 720, 1213, 48516
143,318, 750, 1104, 1204, 858, 3451, 2959, 1217, 904, 922, 3468, 50, 1248, 296, 951, 1276, 898, 1213, 2019, 1208
144,318, 750, 1104, 1204, 858, 904, 3451, 898, 1178, 951, 741, 1217, 922, 50, 48516, 1213, 260, 3468, 912, 1208
145,1204, 1104, 750, 898, 2959, 858, 904, 741, 1217, 177593, 5690, 3451, 475, 48516, 1262, 1267, 951, 260, 1213, 1221
146,318, 3451, 750, 898, 1104, 1204, 922, 3435, 904, 858, 475, 2959, 1237, 106642, 3468, 1217, 3275, 246, 741, 1248
147,318, 1204, 750, 1248, 858, 3451, 951, 2959, 296, 162, 1041, 1178, 898, 904, 3275, 1276, 1104, 1217, 908, 3468
148,318, 1204, 1104, 750, 858, 2959, 1178, 1217, 177593, 904, 898, 296, 741, 1237, 1041, 951, 48516, 922, 50, 1213
149,318, 1104, 3451, 858, 1204, 904, 2959, 951, 1248, 898, 296, 5747, 1213, 2788, 1235, 48516, 50, 1276, 3468, 4973
150,318, 1104, 750, 858, 720, 8132, 922, 904, 56782, 1204, 2959, 3451, 1178, 296, 3275, 1945, 1136, 1237, 50, 260
151,318, 750, 1104, 951, 1217, 3451, 858, 2959, 898, 1204, 904, 922, 1178, 48516, 296, 50, 3275, 1213, 475, 260
152,1104, 1204, 3451, 898, 741, 1217, 1178, 246, 1248, 951, 1208, 1089, 922, 1041, 4973, 56782, 3275, 3435, 912, 475
153,1104, 318, 750, 898, 1204, 904, 951, 38061, 3451, 48516, 922, 1248, 1217, 246, 1233, 3468, 50, 1213, 933, 1221
154,3451, 1204, 318, 1104, 750, 38061, 177593, 3435, 858, 904, 475, 898, 2959, 922, 1178, 5690, 1217, 48516, 56782, 1237
155,318, 3451, 750, 1204, 1104, 904, 858, 475, 1178, 296, 741, 3508, 48516, 50, 1213, 1237, 1248, 56782, 1136, 912
156,1104, 3451, 2959, 951, 1178, 246, 48516, 5690, 3275, 56782, 741, 177593, 475, 1197, 7361, 2324, 720, 1196, 2329, 1201
157,1204, 318, 750, 898, 3468, 858, 246, 904, 3030, 296, 1104, 1248, 930, 1276, 3451, 177593, 48516, 1208, 475, 922
158,318, 1204, 750, 898, 858, 904, 3451, 2959, 1178, 38061, 1104, 922, 296, 930, 3836, 3201, 48516, 741, 3037, 1217
159,1104, 750, 1204, 3451, 858, 904, 1178, 898, 246, 56782, 5690, 50, 922, 912, 1213, 48516, 1208, 741, 260, 1276
160,318, 1204, 1104, 750, 1178, 898, 3451, 1041, 177593, 951, 1217, 246, 5690, 48516, 1223, 720, 1136, 1276, 1089, 56782
161,3451, 750, 720, 898, 1104, 1204, 951, 858, 2959, 904, 741, 177593, 922, 57669, 48516, 71899, 296, 3275, 3435, 168252
162,1104, 750, 951, 1204, 1178, 858, 898, 2959, 933, 3451, 904, 177593, 1217, 162, 1213, 741, 1221, 2160, 38061, 3275
163,318, 750, 3451, 1104, 246, 3468, 951, 904, 898, 858, 56782, 2959, 1204, 930, 1237, 1178, 296, 3275, 48516, 741
164,318, 1104, 1204, 898, 1217, 750, 922, 858, 56782, 1178, 2959, 904, 1235, 741, 3451, 177593, 3030, 951, 3275, 3037
165,318, 750, 1104, 3451, 904, 1204, 1178, 2959, 951, 1041, 898, 1217, 296, 48516, 246, 922, 1199, 177593, 912, 50
166,750, 1204, 1104, 3451, 898, 1178, 1217, 246, 922, 951, 741, 1213, 1208, 720, 1136, 912, 475, 3275, 177593, 56782
167,1104, 1204, 858, 3451, 904, 2959, 898, 922, 1217, 1178, 1276, 5690, 50, 246, 48516, 475, 1213, 4973, 1208, 741
168,318, 1104, 1204, 1178, 2959, 3451, 904, 898, 951, 1217, 50, 741, 246, 3435, 48516, 720, 922, 56782, 1136, 260
169,750, 1104, 1204, 3451, 858, 2959, 904, 898, 1217, 296, 48516, 951, 1178, 1213, 50, 922, 5690, 1276, 260, 3275
170,750, 1204, 951, 904, 3451, 858, 2959, 898, 1178, 1104, 1041, 3836, 50, 1208, 56782, 1213, 1199, 1221, 48516, 3468
171,750, 1204, 3451, 898, 2959, 904, 951, 246, 1217, 50, 48516, 741, 1213, 1178, 1221, 3275, 4973, 2324, 1248, 56782
172,1104, 318, 750, 1178, 162, 1204, 71899, 858, 898, 904, 2959, 246, 475, 1217, 296, 1248, 3451, 951, 720, 50
173,318, 1104, 750, 3451, 1217, 1041, 858, 898, 2959, 741, 177593, 1204, 904, 3435, 1237, 3275, 922, 1178, 50, 57669
174,318, 1204, 750, 1104, 898, 3451, 858, 2959, 904, 922, 48516, 246, 741, 1178, 720, 5690, 1217, 1223, 1213, 3030
175,318, 1104, 750, 951, 246, 1945, 3435, 3468, 858, 2959, 898, 2324, 3451, 904, 933, 296, 5500, 57669, 1204, 912
176,750, 1204, 1104, 858, 904, 3468, 2959, 898, 3451, 1178, 1217, 951, 50, 1283, 177593, 933, 1237, 1213, 1089, 1276
177,1204, 1178, 951, 1217, 741, 5690, 1276, 1208, 4973, 56782, 177593, 475, 2324, 1199, 1237, 720, 3468, 2329, 2019, 3435
178,3451, 750, 1204, 1104, 858, 1178, 741, 898, 904, 48516, 951, 3275, 1276, 246, 1221, 56782, 1217, 1208, 260, 922
179,750, 1204, 1104, 858, 2959, 3451, 904, 898, 922, 1217, 1178, 3275, 48516, 720, 50, 4973, 1213, 951, 246, 1276
180,318, 1204, 750, 1104, 3451, 951, 858, 1178, 71899, 904, 898, 56782, 296, 1217, 50, 1237, 1245, 246, 933, 48516
181,318, 750, 1104, 1204, 898, 858, 904, 2959, 922, 1217, 56782, 246, 741, 3451, 48516, 1178, 50, 1213, 951, 912
182,3451, 898, 1178, 48516, 951, 1217, 922, 1276, 246, 177593, 3468, 1248, 56782, 2324, 2019, 38061, 1041, 1223, 3435, 3508
183,318, 750, 1204, 1104, 2959, 904, 898, 3451, 1178, 1217, 296, 930, 246, 50, 475, 142488, 912, 48516, 1041, 1089
184,318, 3451, 750, 1104, 1204, 858, 904, 2959, 1237, 1217, 898, 56782, 296, 48516, 741, 922, 5690, 3275, 1178, 912
185,318, 750, 1104, 1204, 858, 904, 2959, 177593, 951, 1178, 1217, 296, 898, 246, 50, 475, 1136, 48516, 3451, 912
186,318, 1104, 3451, 858, 2959, 904, 296, 1217, 1178, 951, 741, 48516, 922, 50, 1213, 3275, 1208, 1276, 912, 4973
187,1104, 1204, 3451, 858, 898, 904, 951, 1178, 48516, 1217, 1213, 1248, 3275, 3468, 1276, 475, 1208, 930, 4973, 1221
188,318, 750, 1204, 3451, 858, 1104, 2959, 1041, 296, 1178, 48516, 50, 951, 1217, 912, 922, 1276, 2019, 246, 1213
189,1204, 750, 898, 3468, 1104, 858, 904, 5690, 3451, 1178, 296, 741, 1223, 922, 177593, 50, 1213, 1248, 4973, 951
190,750, 3451, 1204, 1104, 1217, 904, 1178, 246, 296, 898, 741, 1248, 50, 48516, 5690, 1237, 3435, 720, 3275, 1213
191,1178, 750, 898, 858, 1204, 2959, 922, 1104, 951, 3451, 904, 1217, 177593, 930, 3435, 1199, 1041, 912, 1248, 933
192,3451, 318, 1104, 750, 898, 741, 858, 1204, 904, 2959, 1178, 1217, 3275, 1276, 246, 1248, 48516, 1252, 1213, 50
193,1104, 750, 3451, 898, 1204, 1217, 904, 741, 951, 3275, 1233, 475, 38061, 50, 1213, 4973, 1136, 7361, 162, 246
194,1204, 318, 1237, 750, 898, 904, 1104, 858, 246, 56782, 922, 2959, 1223, 930, 3468, 177593, 3451, 741, 48516, 296
195,1204, 750, 1104, 858, 2959, 3451, 898, 951, 741, 48516, 922, 1217, 1178, 177593, 5690, 56782, 3468, 246, 1136, 1221
196,3451, 318, 750, 1104, 858, 1178, 904, 1204, 475, 2959, 296, 930, 50, 741, 1217, 951, 5690, 1235, 1136, 1213
197,750, 1104, 898, 3451, 904, 2959, 1204, 1178, 5690, 475, 741, 246, 48516, 930, 2019, 1136, 3435, 3468, 912, 922
198,1204, 1104, 898, 858, 904, 3451, 1178, 177593, 1217, 246, 48516, 951, 741, 1276, 922, 1208, 475, 1041, 1136, 3468
199,1104, 3451, 2959, 898, 951, 246, 741, 177593, 922, 1221, 3275, 475, 1199, 1248, 720, 5690, 3468, 930, 2019, 3435
200,1104, 750, 1204, 3451, 858, 904, 1217, 898, 1178, 951, 48516, 922, 50, 177593, 5690, 741, 3468, 1276, 3275, 1208
201,318, 750, 1104, 1204, 3451, 1178, 858, 904, 2959, 898, 951, 475, 48516, 5690, 50, 1217, 1248, 246, 1136, 56782
202,1104, 3451, 904, 1178, 898, 1217, 48516, 951, 475, 1213, 3275, 177593, 5690, 56782, 922, 4973, 3468, 7361, 2324, 720
203,750, 3451, 1204, 1104, 858, 2959, 904, 922, 1217, 48516, 720, 1237, 1213, 50, 56782, 1221, 4973, 1136, 930, 1178
204,318, 1104, 1204, 750, 3451, 898, 1178, 904, 741, 1217, 951, 1276, 177593, 48516, 3435, 50, 260, 8132, 3037, 1213
205,318, 750, 1204, 1104, 3836, 1217, 3451, 858, 2959, 922, 1178, 296, 904, 48516, 951, 898, 1199, 933, 2324, 50
206,318, 750, 1178, 1204, 1104, 858, 3468, 5690, 904, 2959, 177593, 898, 3451, 38061, 1217, 296, 1262, 1276, 50, 3435
207,318, 750, 3451, 246, 1104, 858, 3468, 1204, 898, 2360, 1945, 2959, 71899, 1276, 904, 720, 3435, 56782, 4144, 1217
208,318, 750, 177593, 1204, 1104, 1217, 858, 922, 2959, 951, 904, 898, 5690, 1178, 1276, 296, 3451, 3468, 71899, 48516
209,1204, 1217, 750, 741, 858, 1104, 475, 922, 3451, 1178, 5690, 246, 1248, 904, 898, 1041, 296, 3435, 50, 48516
210,318, 750, 1104, 1204, 858, 2959, 922, 904, 3451, 3468, 1178, 246, 951, 898, 48516, 741, 50, 1213, 1217, 1248
211,1104, 750, 3451, 1204, 904, 898, 1217, 1178, 741, 48516, 5690, 475, 922, 56782, 1213, 951, 3435, 912, 3275, 4973
212,1104, 1204, 858, 3451, 904, 898, 1178, 951, 1217, 922, 48516, 741, 50, 1213, 3275, 246, 1208, 56782, 1276, 912
213,318, 750, 3451, 1104, 1204, 2959, 904, 898, 296, 922, 741, 951, 1178, 48516, 50, 1213, 1276, 1136, 1221, 4973
214,3468, 318, 750, 1204, 1217, 246, 898, 858, 3451, 904, 177593, 922, 2959, 3275, 296, 1104, 48516, 3030, 50, 933
215,1104, 750, 1204, 3451, 858, 904, 898, 951, 48516, 1178, 3275, 1213, 246, 3468, 56782, 5690, 1217, 922, 475, 1221
216,318, 1104, 750, 1204, 858, 3451, 1178, 904, 2959, 296, 246, 48516, 1213, 50, 3275, 1276, 912, 1217, 741, 1208
217,318, 750, 1104, 1204, 3451, 2959, 904, 898, 1178, 951, 922, 741, 48516, 1217, 1213, 246, 1276, 3275, 1208, 4973
218,1104, 318, 1204, 3451, 904, 858, 898, 2959, 98491, 1217, 296, 951, 1178, 1213, 50, 720, 3435, 48516, 3266, 4973
219,1104, 750, 1204, 3451, 898, 1217, 1178, 951, 922, 5690, 246, 475, 1208, 912, 56782, 1276, 4973, 3468, 1199, 2324
220,1104, 750, 1204, 3451, 904, 898, 1178, 922, 951, 741, 48516, 475, 1217, 56782, 1276, 1221, 1136, 1208, 3275, 4973
221,3451, 1178, 1217, 741, 48516, 3275, 246, 56782, 260, 1221, 177593, 720, 3468, 5690, 1248, 1237, 2324, 475, 1196, 2329
222,318, 750, 1104, 1204, 898, 904, 3451, 1217, 246, 1178, 951, 741, 922, 912, 177593, 3468, 5690, 1136, 3275, 260
223,3451, 1204, 1104, 750, 858, 1217, 904, 1178, 2959, 922, 741, 898, 475, 177593, 50, 1213, 951, 38061, 1221, 1197
224,318, 750, 1104, 3451, 904, 898, 246, 1217, 2959, 1204, 951, 3468, 1237, 741, 296, 912, 48516, 720, 1213, 3275
225,318, 750, 1104, 898, 1204, 3451, 858, 2959, 904, 1217, 56782, 741, 246, 296, 48516, 951, 5690, 475, 1213, 922
226,318, 1104, 750, 3451, 858, 904, 898, 1178, 1217, 922, 951, 741, 50, 1213, 246, 1208, 5690, 1221, 4973, 177593
227,1204, 1104, 904, 1217, 898, 3451, 951, 246, 48516, 50, 5690, 1276, 1178, 177593, 922, 1213, 1248, 741, 3468, 1136
228,750, 106642, 2959, 904, 1204, 1104, 951, 5690, 3468, 1178, 720, 3275, 48516, 296, 1217, 741, 912, 3451, 1276, 1213
229,750, 1104, 1204, 1217, 898, 858, 3451, 904, 2959, 951, 5690, 246, 3435, 48516, 1178, 1213, 3275, 50, 1208, 912
230,3451, 750, 1104, 1204, 858, 904, 898, 296, 1217, 951, 1178, 3275, 3468, 48516, 922, 56782, 50, 1213, 1248, 246
231,318, 1204, 750, 1104, 2959, 1178, 904, 1041, 1217, 3836, 48516, 922, 3451, 951, 1199, 1221, 1248, 5690, 50, 177593
232,1104, 750, 1204, 3451, 904, 898, 1178, 951, 1217, 741, 177593, 50, 1213, 1276, 922, 1208, 246, 1221, 4973, 5690
233,750, 1104, 1204, 904, 3451, 898, 1178, 951, 1217, 246, 3468, 922, 1276, 1213, 3275, 260, 1208, 56782, 741, 912
234,318, 750, 1204, 1104, 858, 2959, 904, 3451, 1178, 898, 177593, 5690, 296, 1217, 3435, 246, 50, 741, 48516, 1213
235,1204, 750, 858, 1104, 2959, 904, 1217, 898, 1178, 177593, 3451, 50, 951, 1248, 1213, 922, 48516, 741, 3275, 1221
236,318, 750, 1178, 858, 1104, 3451, 904, 3836, 2959, 475, 951, 3508, 296, 912, 162, 741, 1204, 898, 1221, 2019
237,750, 1104, 3451, 898, 1204, 858, 904, 2959, 951, 1041, 922, 741, 3468, 246, 56782, 177593, 296, 1217, 3275, 48516
238,318, 750, 3451, 1104, 1204, 2959, 1237, 898, 1217, 904, 951, 177593, 741, 922, 1178, 1276, 296, 1248, 50, 1213
239,750, 1104, 1204, 3451, 904, 898, 1217, 1178, 741, 951, 922, 3468, 246, 56782, 1276, 4973, 912, 177593, 2324, 5690
240,750, 1104, 3451, 1204, 858, 898, 904, 2959, 1217, 1178, 951, 1237, 48516, 1213, 3468, 50, 1136, 912, 177593, 260
241,1104, 750, 3451, 1204, 898, 904, 741, 951, 48516, 922, 475, 3468, 1213, 1217, 260, 1276, 912, 1136, 56782, 1208
242,1104, 750, 1204, 3451, 858, 2959, 904, 1178, 930, 951, 1217, 720, 1041, 177593, 898, 57669, 48516, 1136, 50, 4973
243,318, 1104, 750, 1204, 3451, 858, 1217, 475, 2959, 741, 904, 1248, 296, 1041, 951, 898, 1213, 1276, 5690, 50
244,318, 1104, 750, 858, 1204, 898, 2959, 904, 1217, 3451, 922, 475, 56782, 741, 296, 951, 1213, 48516, 3435, 260
245,318, 750, 1104, 3451, 3468, 898, 2959, 951, 1204, 1178, 904, 1041, 1217, 177593, 1248, 3275, 296, 50, 1136, 2160
246,318, 750, 1204, 1104, 858, 904, 898, 3451, 741, 1217, 177593, 1178, 246, 48516, 922, 1276, 1213, 5690, 912, 1208
247,750, 1104, 1204, 3451, 898, 904, 1178, 922, 1217, 741, 951, 475, 5690, 246, 177593, 1208, 4973, 56782, 1276, 3468
248,318, 1204, 750, 3451, 1217, 1104, 858, 904, 898, 2959, 177593, 922, 296, 3037, 1178, 912, 50, 1213, 5690, 1262
249,1104, 1204, 3451, 898, 1217, 741, 951, 922, 246, 5690, 1276, 1136, 1208, 475, 4973, 3468, 1197, 720, 1248, 177593
250,750, 1204, 858, 3451, 2959, 1104, 475, 296, 1178, 1217, 866, 38061, 50, 4642, 930, 3275, 177593, 1213, 904, 4973
251,1104, 1204, 898, 750, 720, 1178, 246, 858, 951, 1217, 904, 3468, 2160, 5690, 48516, 922, 1237, 177593, 50, 475
252,318, 1204, 1104, 750, 858, 3451, 2959, 904, 922, 296, 38061, 898, 1213, 912, 48516, 930, 1178, 5690, 260, 1221
253,318, 750, 1104, 3451, 922, 858, 904, 898, 2959, 1204, 296, 1178, 246, 951, 3275, 1217, 48516, 50, 3037, 1199
254,750, 1104, 1204, 3451, 898, 1178, 922, 1217, 3275, 951, 1213, 741, 246, 177593, 1136, 1208, 475, 56782, 1221, 3508
255,3451, 318, 1104, 1204, 1178, 750, 858, 2959, 51931, 1223, 904, 296, 898, 741, 1199, 951, 1213, 3266, 922, 1208
256,750, 1104, 1204, 3451, 858, 1217, 2959, 898, 904, 296, 922, 48516, 177593, 50, 741, 1213, 1178, 3468, 951, 1276
257,318, 1104, 750, 1204, 741, 922, 858, 2959, 904, 3451, 951, 106642, 898, 296, 2019, 1233, 38061, 171763, 142488, 50
258,1104, 1204, 750, 858, 898, 904, 1217, 1178, 1041, 951, 1276, 3451, 177593, 1199, 296, 48516, 922, 1208, 1221, 5690
259,318, 1178, 750, 904, 858, 2959, 1204, 1104, 5690, 177593, 1041, 3429, 922, 475, 3451, 296, 56782, 50, 1217, 3037
260,318, 1104, 1204, 3451, 858, 898, 3468, 1178, 246, 951, 741, 475, 922, 48516, 1217, 912, 1213, 1248, 1208, 1276
261,750, 1104, 1204, 898, 858, 177593, 2959, 3451, 951, 904, 1217, 922, 3275, 246, 4973, 1235, 1223, 930, 1178, 1213
262,3451, 750, 1104, 1204, 951, 898, 858, 2959, 741, 904, 1178, 177593, 922, 2324, 2019, 933, 1213, 3275, 4973, 1208
263,1104, 750, 1204, 3451, 858, 2959, 898, 904, 1178, 741, 951, 48516, 1217, 50, 922, 1213, 3275, 1276, 5690, 260
264,318, 1204, 750, 1104, 858, 3451, 2959, 898, 741, 1178, 904, 296, 1217, 922, 1237, 246, 1276, 5690, 1248, 48516
265,750, 1104, 1204, 858, 2959, 904, 922, 1217, 898, 296, 741, 1178, 48516, 951, 50, 1213, 4973, 1237, 1221, 1208
266,318, 1104, 1204, 750, 858, 904, 898, 48516, 246, 3451, 1217, 177593, 3275, 1221, 1178, 922, 951, 912, 1276, 4973
267,318, 1204, 750, 1104, 858, 904, 2959, 951, 3468, 3451, 1217, 296, 177593, 1237, 5690, 38061, 48516, 720, 50, 1213
268,3451, 318, 1104, 750, 1204, 2959, 904, 1217, 1178, 296, 5690, 48516, 922, 475, 1136, 3275, 741, 1237, 4973, 1276
269,318, 1104, 1204, 750, 3451, 858, 904, 898, 2959, 1178, 177593, 951, 296, 475, 5690, 1217, 1233, 1223, 56782, 260
270,318, 1204, 1104, 750, 858, 1217, 2959, 951, 904, 930, 1178, 898, 741, 296, 50, 1221, 260, 3836, 3451, 1208
271,318, 750, 1104, 1204, 3451, 858, 2959, 904, 922, 1217, 296, 741, 3275, 48516, 898, 951, 1248, 1276, 3468, 50
272,750, 1217, 1104, 1204, 3451, 858, 2959, 951, 1178, 904, 898, 475, 1237, 296, 246, 50, 48516, 1213, 3468, 1208
273,318, 1204, 1217, 750, 1104, 858, 2959, 898, 177593, 951, 904, 246, 3275, 3468, 1041, 50, 1276, 1178, 1208, 1213
274,1104, 1204, 3451, 898, 1178, 951, 741, 1217, 246, 4973, 177593, 3468, 1248, 475, 720, 1237, 1041, 930, 38061, 1252
275,1104, 1204, 898, 3451, 1178, 741, 1217, 48516, 475, 177593, 56782, 1276, 1223, 3275, 922, 7361, 1237, 1248, 1196, 5690
276,318, 750, 858, 3451, 1204, 1104, 2959, 741, 904, 3508, 1178, 951, 296, 1213, 720, 50, 1248, 898, 1221, 48516
277,3451, 318, 750, 1104, 1204, 858, 904, 2959, 898, 922, 951, 296, 1217, 3037, 1945, 48516, 38061, 177593, 5690, 4973
278,1104, 898, 1204, 1217, 750, 246, 858, 2959, 3451, 1248, 1178, 904, 933, 930, 3435, 56782, 3030, 296, 3275, 1233
279,750, 1104, 1204, 3451, 898, 904, 1178, 951, 922, 1217, 3275, 741, 4973, 5690, 475, 1221, 912, 1276, 1089, 246
280,318, 750, 3451, 1104, 1204, 858, 2959, 904, 898, 296, 922, 1178, 741, 1217, 951, 1276, 246, 5690, 475, 1208
281,318, 1104, 750, 858, 1204, 3451, 904, 741, 3435, 2959, 898, 930, 296, 1276, 1223, 3468, 5690, 2324, 912, 1213
282,1104, 1204, 3451, 904, 1178, 898, 951, 1217, 741, 922, 1276, 3275, 4973, 1248, 5690, 475, 177593, 1197, 1199, 246
283,1104, 750, 1204, 5690, 858, 3451, 904, 2959, 951, 1217, 1178, 296, 898, 1276, 1213, 177593, 922, 48516, 50, 2019
284,3451, 750, 1204, 1104, 858, 1217, 2959, 904, 898, 48516, 741, 1213, 922, 3275, 50, 177593, 4973, 1248, 260, 1136
285,318, 1204, 750, 3451, 898, 2959, 1178, 951, 5690, 741, 720, 48516, 50, 1199, 1208, 57669, 1213, 1136, 260, 1221
286,318, 3451, 750, 1104, 1204, 1178, 858, 904, 1217, 898, 741, 246, 50, 48516, 951, 1276, 1213, 56782, 1199, 475
287,318, 750, 3451, 1104, 904, 951, 858, 1204, 1178, 296, 177593, 38061, 3275, 48516, 898, 1221, 1213, 1237, 922, 720
288,1104, 858, 3451, 898, 1217, 1178, 951, 741, 922, 48516, 50, 56782, 475, 5690, 246, 1221, 4973, 3275, 3468, 1248
289,318, 1204, 3451, 858, 904, 1217, 2959, 1104, 475, 1178, 56782, 296, 48516, 5690, 1197, 50, 4973, 1276, 1221, 1136
290,1104, 3451, 1178, 1217, 48516, 922, 741, 5690, 4973, 3275, 1197, 56782, 177593, 1199, 1248, 2571, 7361, 1237, 720, 3468
291,318, 1217, 750, 1204, 858, 2959, 904, 296, 1104, 5690, 3451, 106642, 922, 1199, 246, 951, 50, 741, 3468, 71899
292,750, 1104, 1204, 3451, 904, 898, 1178, 922, 1217, 246, 951, 50, 48516, 56782, 912, 1213, 1237, 1208, 475, 4973
293,318, 1104, 750, 3451, 5690, 1204, 858, 2959, 3435, 741, 922, 3275, 951, 48516, 904, 4144, 50, 296, 475, 1178
294,318, 750, 1104, 3451, 2959, 904, 741, 898, 922, 1178, 48516, 1217, 1213, 1208, 1136, 4973, 1248, 246, 912, 2571
295,750, 898, 1178, 1104, 3451, 1217, 951, 904, 3508, 1204, 1235, 162, 48516, 1208, 1237, 3275, 1233, 1245, 260, 1136
296,3451, 750, 1104, 1178, 1204, 858, 904, 898, 951, 2360, 1041, 142488, 3435, 922, 720, 2019, 1248, 1217, 4973, 48516
297,318, 1204, 750, 1104, 858, 904, 3468, 2959, 56782, 1178, 3451, 741, 922, 296, 898, 1213, 260, 912, 246, 3435
298,1104, 1204, 3451, 904, 898, 922, 1178, 951, 1217, 475, 5690, 1276, 912, 3468, 56782, 3275, 1199, 1248, 246, 720
299,318, 750, 1204, 3451, 858, 922, 904, 2959, 296, 1217, 56782, 1178, 741, 720, 5690, 951, 1104, 246, 1237, 48516
300,1104, 1204, 750, 5690, 858, 1178, 898, 951, 904, 56782, 922, 741, 296, 3451, 3275, 475, 3468, 48516, 1136, 50
301,318, 1104, 750, 1204, 858, 2959, 898, 1217, 904, 922, 3451, 741, 5690, 1276, 951, 246, 1213, 1041, 1178, 177593
302,1104, 318, 951, 1178, 750, 177593, 1041, 1204, 2959, 904, 898, 922, 3275, 38061, 3451, 1136, 4973, 1213, 50, 741
303,318, 1204, 750, 1104, 858, 3451, 2959, 904, 922, 5690, 296, 741, 1217, 898, 177593, 1213, 1276, 50, 48516, 1178
304,750, 1204, 1104, 3451, 858, 904, 898, 2959, 951, 1178, 741, 1217, 48516, 50, 56782, 3275, 1213, 922, 3468, 5690
305,1104, 1204, 3451, 898, 1217, 951, 922, 246, 177593, 741, 5690, 1208, 912, 3468, 475, 7361, 3435, 2019, 1041, 720
306,318, 750, 1104, 3451, 858, 904, 1204, 2959, 951, 56782, 898, 1178, 296, 1217, 177593, 741, 48516, 1213, 50, 3275
307,750, 1104, 3451, 898, 1178, 246, 1217, 951, 741, 922, 1208, 1276, 4973, 912, 1248, 1199, 720, 1237, 5690, 2324
308,3451, 5690, 750, 1104, 898, 1204, 922, 246, 3468, 48516, 951, 296, 1178, 3435, 1276, 56782, 3275, 741, 1213, 57669
309,750, 858, 3451, 2959, 1178, 1217, 246, 3468, 475, 48516, 951, 922, 5690, 177593, 1237, 260, 1208, 1136, 56782, 1221
310,318, 1104, 858, 3451, 177593, 898, 71899, 2959, 3435, 296, 741, 1217, 1276, 56782, 475, 5690, 912, 38061, 930, 1199
311,318, 750, 922, 1104, 246, 858, 106642, 2959, 720, 475, 1204, 1217, 904, 1237, 1209, 2019, 142488, 296, 912, 741
312,318, 1104, 858, 2959, 3451, 898, 951, 296, 741, 1217, 48516, 50, 1213, 246, 5690, 1136, 1276, 1221, 56782, 475
313,1104, 1204, 3451, 1217, 904, 898, 1248, 741, 922, 1276, 48516, 246, 951, 720, 4973, 3275, 3435, 56782, 1178, 7361
314,750, 1104, 1204, 3451, 858, 904, 2959, 898, 1178, 951, 1217, 5690, 741, 48516, 1213, 1276, 922, 475, 246, 56782
315,318, 750, 898, 3451, 858, 1104, 475, 904, 2959, 951, 930, 1217, 3468, 8132, 296, 1272, 912, 1136, 741, 1213
316,318, 3451, 750, 1204, 858, 1104, 2959, 904, 1217, 1178, 296, 48516, 741, 898, 1237, 922, 1213, 1136, 56782, 50
317,1204, 1104, 3451, 922, 898, 1217, 1248, 741, 951, 1136, 1276, 1221, 246, 912, 177593, 1199, 475, 1197, 720, 3275
318,1104, 1204, 3451, 858, 2959, 898, 1178, 1217, 951, 48516, 50, 1213, 1276, 1221, 246, 5690, 912, 3275, 56782, 1197
319,1104, 750, 5690, 1217, 1204, 904, 1276, 296, 106642, 3451, 475, 50, 1248, 1237, 1213, 1178, 48516, 260, 1089, 1208
320,318, 3451, 750, 904, 858, 1217, 2959, 1204, 296, 2019, 1104, 3468, 1237, 48516, 50, 1248, 3328, 7361, 1178, 720
321,318, 750, 1204, 1104, 858, 922, 2959, 904, 741, 898, 3435, 296, 1217, 1276, 951, 720, 48516, 1248, 106642, 3468
322,1104, 1204, 898, 904, 246, 951, 1178, 741, 48516, 922, 1217, 475, 3468, 5690, 1213, 3275, 1276, 260, 1089, 1208
323,750, 1104, 1204, 3451, 858, 904, 2959, 1217, 922, 898, 951, 1178, 3468, 48516, 56782, 1213, 1276, 912, 177593, 1136
324,750, 318, 1104, 1217, 1204, 898, 246, 922, 2959, 3451, 904, 142488, 112552, 1276, 5690, 3468, 1233, 933, 475, 3435
325,750, 1204, 1104, 3451, 2959, 898, 1178, 951, 48516, 50, 246, 1213, 1208, 1276, 260, 1221, 1041, 912, 1136, 922
326,750, 1204, 1104, 3451, 898, 858, 904, 741, 922, 951, 1217, 56782, 1178, 246, 1213, 3468, 177593, 1276, 1136, 1041
327,750, 177593, 1104, 1204, 951, 3451, 2959, 904, 898, 296, 930, 1217, 3468, 1233, 4973, 2324, 1208, 260, 3508, 1136
328,1204, 1104, 3451, 1178, 951, 898, 1217, 741, 56782, 177593, 3468, 475, 1276, 922, 246, 1199, 7361, 720, 5690, 3435
329,1217, 898, 1204, 922, 1104, 3435, 2959, 904, 246, 741, 1041, 3037, 177593, 3836, 3275, 48516, 1283, 3451, 1276, 933
330,1104, 1204, 3451, 898, 951, 1178, 741, 1217, 56782, 177593, 922, 1221, 475, 912, 4973, 1276, 246, 3468, 5690, 720
331,750, 1104, 1204, 3451, 904, 898, 951, 1217, 48516, 1178, 741, 3275, 177593, 246, 922, 1276, 1221, 260, 912, 1208
332,1104, 858, 3451, 898, 1178, 951, 246, 1217, 48516, 5690, 741, 3468, 260, 1221, 3275, 1136, 475, 1276, 720, 1197
333,3451, 318, 1104, 750, 1204, 898, 1178, 2959, 858, 741, 246, 720, 475, 3275, 904, 2160, 951, 296, 5690, 48516
334,1204, 1104, 3451, 858, 904, 898, 1178, 741, 1217, 48516, 922, 951, 50, 1213, 1276, 1208, 1221, 1089, 912, 56782
335,3451, 750, 1204, 1104, 898, 858, 741, 2959, 1178, 1217, 1248, 904, 1276, 1213, 912, 106642, 720, 1041, 48516, 1089
336,1104, 750, 1204, 3451, 898, 1178, 951, 904, 922, 1217, 177593, 48516, 1041, 5690, 1276, 912, 1213, 3435, 741, 3275
337,1204, 750, 1104, 858, 2959, 3451, 898, 904, 1178, 720, 741, 177593, 1217, 296, 48516, 922, 5690, 1213, 1276, 951
338,1204, 750, 1178, 1041, 1217, 720, 5690, 898, 3451, 1104, 951, 904, 2360, 1223, 1276, 1199, 4973, 38061, 246, 930
339,1104, 1204, 3451, 898, 951, 1217, 3275, 50, 922, 741, 1136, 177593, 1208, 3468, 260, 246, 1276, 1089, 1197, 720
340,1204, 750, 1104, 1217, 858, 2959, 741, 904, 1248, 48516, 3275, 922, 3451, 50, 720, 260, 3508, 475, 7156, 1213
341,318, 1204, 750, 1104, 3451, 1217, 858, 898, 2959, 904, 951, 296, 48516, 56782, 1213, 1233, 720, 1178, 3508, 741
342,318, 1204, 750, 1104, 858, 904, 951, 898, 3451, 1178, 1217, 3468, 296, 741, 50, 1248, 1276, 48516, 1233, 475
343,750, 1104, 3451, 951, 1204, 898, 246, 904, 1217, 922, 1178, 106642, 3275, 741, 1136, 3468, 475, 1199, 4973, 3435
344,1104, 3451, 750, 1204, 858, 904, 2959, 898, 56782, 1178, 922, 296, 50, 246, 951, 1213, 1136, 48516, 1208, 142488
345,318, 750, 1104, 1204, 858, 3451, 904, 2959, 296, 1178, 1217, 50, 1276, 1213, 48516, 177593, 5690, 1221, 260, 4973
346,318, 1104, 1204, 3451, 898, 1178, 951, 1217, 48516, 246, 922, 1213, 3468, 1276, 3275, 1136, 260, 741, 1089, 475
347,318, 1104, 750, 898, 858, 3451, 1204, 2959, 904, 1178, 56782, 246, 951, 741, 296, 930, 48516, 1213, 3275, 922
348,1104, 1204, 904, 898, 3468, 3451, 246, 1276, 1217, 741, 922, 177593, 5690, 48516, 1178, 3435, 1089, 1223, 56782, 1237
349,318, 1104, 750, 246, 858, 2959, 5690, 1178, 904, 1204, 3275, 48516, 3451, 1276, 3508, 1217, 898, 475, 720, 3030
350,318, 3451, 750, 1104, 3468, 2959, 1204, 904, 898, 1178, 951, 741, 48516, 296, 177593, 56782, 50, 720, 246, 1217
351,318, 750, 1204, 3451, 1104, 858, 898, 951, 904, 1178, 741, 1217, 50, 1136, 1213, 177593, 1221, 1248, 1208, 1276
352,750, 1204, 1104, 3451, 858, 904, 898, 1217, 922, 1178, 741, 246, 951, 912, 475, 1208, 3275, 1237, 1136, 5690
353,750, 1104, 858, 1204, 904, 2959, 3451, 898, 1178, 951, 48516, 50, 1213, 3275, 177593, 1276, 1208, 1221, 912, 1089
354,1104, 3451, 904, 898, 1217, 1178, 951, 741, 922, 1213, 177593, 1276, 1136, 475, 5690, 1221, 912, 3468, 246, 56782
355,318, 750, 3451, 1104, 858, 898, 720, 904, 2959, 1204, 951, 177593, 1217, 296, 48516, 1178, 246, 475, 912, 1276
356,750, 1104, 1204, 3451, 858, 904, 898, 951, 296, 1217, 1178, 246, 741, 56782, 1213, 177593, 922, 3275, 260, 1276
357,750, 1204, 3451, 904, 1217, 1178, 922, 741, 951, 177593, 5690, 912, 4973, 3275, 1199, 3468, 56782, 475, 720, 3435
358,1204, 318, 898, 1104, 741, 750, 3037, 720, 951, 56782, 858, 3275, 904, 2959, 1178, 922, 296, 3468, 48516, 38061
359,318, 3451, 750, 1104, 858, 1204, 904, 2959, 898, 922, 951, 1178, 1041, 1199, 56782, 48516, 50, 3275, 1136, 741
360,1104, 318, 951, 1204, 750, 922, 858, 177593, 898, 2959, 3468, 904, 3451, 2324, 3508, 106642, 38061, 296, 741, 1136
361,750, 1204, 1217, 898, 1104, 3451, 2959, 3468, 904, 246, 1178, 48516, 296, 951, 50, 922, 1237, 3435, 741, 1213
362,750, 1204, 1104, 3451, 904, 898, 1178, 951, 922, 1217, 246, 1136, 741, 3468, 1276, 177593, 3275, 912, 4973, 475
363,898, 3451, 750, 858, 3275, 1204, 246, 475, 2959, 1178, 904, 1217, 56782, 48516, 3030, 1213, 1199, 922, 1208, 1221
364,1104, 318, 750, 1204, 475, 904, 898, 106642, 5690, 930, 2959, 741, 1248, 296, 1136, 1276, 951, 912, 4973, 922
365,1104, 750, 3451, 1204, 1178, 858, 2959, 898, 904, 951, 296, 48516, 50, 1213, 741, 3275, 1221, 56782, 1136, 1208
366,318, 1104, 750, 1204, 898, 858, 3451, 904, 922, 475, 930, 296, 3468, 50, 1178, 1213, 1208, 142488, 38061, 1233
367,1204, 750, 1104, 904, 2959, 922, 3468, 56782, 741, 48516, 296, 1041, 246, 3451, 50, 720, 1276, 1178, 1217, 951
368,318, 750, 1204, 1104, 2959, 3451, 1178, 898, 922, 741, 951, 48516, 1217, 246, 1136, 5690, 177593, 56782, 1276, 475
369,318, 750, 1204, 1104, 3451, 858, 904, 1217, 898, 1178, 296, 48516, 951, 922, 246, 56782, 741, 5690, 50, 1213
370,1104, 1204, 750, 3451, 898, 858, 904, 1178, 5690, 1217, 48516, 922, 741, 951, 720, 3275, 1213, 2019, 912, 1208
371,318, 750, 1104, 1204, 3451, 922, 858, 904, 2959, 898, 1276, 1178, 296, 246, 177593, 48516, 50, 1217, 912, 1213
372,750, 1104, 3451, 2959, 898, 951, 48516, 741, 1217, 1178, 922, 912, 4973, 475, 930, 1248, 56782, 1276, 2571, 2324
373,750, 1204, 1104, 858, 904, 2959, 3451, 741, 898, 246, 922, 1217, 1237, 1213, 48516, 4973, 1178, 260, 1089, 1221
374,750, 1104, 1204, 177593, 3451, 1217, 5690, 858, 2959, 1223, 904, 1276, 3468, 4144, 2788, 898, 1248, 1199, 50, 3275
375,3451, 750, 5690, 1104, 1204, 858, 951, 904, 2959, 898, 720, 296, 50, 48516, 741, 2019, 912, 1276, 4973, 57669
376,318, 1104, 1204, 904, 2959, 3451, 898, 1178, 296, 951, 1217, 50, 741, 1213, 1276, 720, 1208, 922, 1136, 246
377,318, 750, 1204, 1104, 3451, 858, 951, 2959, 1178, 904, 1217, 177593, 296, 898, 741, 5690, 48516, 1213, 3275, 1136
378,750, 3435, 1104, 1204, 3451, 56782, 922, 904, 1178, 3468, 1217, 296, 5690, 951, 741, 898, 3275, 50, 475, 177593
379,750, 1104, 3451, 1204, 5690, 741, 922, 2959, 898, 858, 904, 3435, 1178, 1248, 48516, 475, 3030, 38061, 1237, 4144
380,1104, 1204, 3451, 904, 898, 1178, 741, 1217, 48516, 951, 922, 475, 246, 912, 4973, 56782, 1248, 2019, 7361, 2324
381,750, 1104, 1204, 3451, 858, 904, 898, 1178, 951, 1217, 296, 922, 741, 5690, 177593, 1213, 246, 912, 56782, 1276
382,1104, 951, 3451, 1178, 904, 898, 741, 720, 48516, 3508, 475, 1213, 4973, 1136, 1208, 1221, 2324, 1199, 1089, 56782
383,3451, 318, 1204, 1104, 741, 750, 858, 2959, 1217, 898, 904, 951, 1233, 56782, 38061, 296, 4144, 48516, 3468, 2360
384,318, 750, 1104, 858, 898, 904, 3451, 475, 741, 50, 5690, 1217, 3508, 922, 48516, 260, 1213, 1136, 1221, 1276
385,1104, 2959, 3451, 904, 898, 922, 1217, 1178, 177593, 951, 48516, 3468, 3275, 56782, 912, 1276, 1089, 5690, 720, 1248
386,750, 1104, 1204, 1217, 858, 2959, 3451, 904, 898, 922, 1178, 48516, 1213, 3275, 1136, 951, 246, 3508, 56782, 3468
387,3451, 898, 1178, 1217, 246, 177593, 475, 3468, 720, 7361, 1041, 3435, 3508, 1233, 38061, 1225, 57669, 3037, 527, 58559
388,318, 750, 3435, 922, 1104, 930, 3468, 1204, 858, 177593, 1178, 56782, 2959, 1267, 475, 904, 246, 1237, 1217, 8132
389,318, 1104, 1204, 750, 898, 858, 904, 2959, 1178, 951, 3451, 296, 720, 3275, 50, 1208, 1213, 922, 48516, 1136
390,318, 1104, 1204, 750, 3451, 858, 898, 904, 741, 296, 951, 1213, 50, 48516, 1276, 1208, 3275, 260, 912, 1221
391,3451, 898, 951, 475, 741, 3468, 246, 922, 1276, 48516, 5690, 1217, 3435, 56782, 1248, 177593, 1223, 7361, 3275, 3508
392,318, 1104, 750, 858, 741, 1204, 3030, 898, 2959, 3508, 904, 922, 1248, 3275, 106642, 1178, 3451, 3435, 296, 1208
393,318, 1178, 1204, 904, 5690, 1104, 858, 898, 3030, 912, 246, 50, 922, 1217, 3435, 48516, 296, 1208, 1262, 741
394,318, 1204, 1104, 750, 858, 904, 1178, 930, 475, 2959, 5690, 177593, 898, 922, 3429, 38061, 296, 1262, 2324, 3836
395,318, 750, 3451, 1104, 858, 898, 1204, 2959, 904, 1217, 741, 48516, 951, 1213, 475, 50, 912, 260, 1136, 4973
396,1204, 1104, 750, 898, 858, 5690, 904, 720, 2959, 951, 1233, 1199, 3508, 296, 912, 1178, 1213, 106642, 1208, 260
397,318, 3451, 1178, 858, 1217, 951, 2959, 1204, 904, 3508, 296, 5747, 1213, 3275, 50, 246, 1136, 48516, 1221, 56782
398,318, 1204, 750, 3451, 1104, 858, 904, 898, 5690, 2959, 3037, 741, 296, 951, 922, 930, 1178, 1276, 3429, 912
399,1204, 1104, 318, 750, 3508, 3451, 858, 1178, 904, 898, 177593, 246, 741, 912, 1213, 1199, 1276, 5690, 48516, 50
400,1204, 750, 1104, 904, 3451, 1217, 898, 1178, 741, 1276, 56782, 246, 177593, 1041, 1208, 1089, 912, 922, 475, 1248
401,318, 750, 1204, 1104, 898, 904, 858, 177593, 2959, 922, 246, 1217, 3451, 1178, 296, 741, 3468, 3030, 48516, 56782
402,318, 3451, 750, 1104, 951, 1204, 858, 1217, 2959, 741, 898, 904, 3468, 56782, 930, 1248, 3275, 1178, 48516, 50
403,3451, 318, 750, 1041, 1204, 858, 2959, 741, 1178, 904, 922, 246, 177593, 1248, 898, 50, 1199, 1104, 1136, 475
404,750, 3451, 898, 904, 1204, 858, 1104, 2959, 1217, 48516, 951, 1178, 1237, 720, 50, 1213, 1208, 741, 1276, 246
405,318, 1104, 1204, 3451, 898, 858, 904, 1217, 951, 1178, 741, 48516, 50, 922, 3275, 1276, 1136, 260, 177593, 1208
406,318, 750, 1217, 904, 1235, 858, 3451, 2959, 866, 1237, 1204, 898, 1178, 1104, 177593, 1041, 296, 5690, 1242, 912
407,318, 750, 1104, 1204, 951, 898, 720, 922, 1217, 858, 904, 475, 177593, 1178, 1248, 3451, 3037, 1041, 5690, 48516
408,1104, 750, 1204, 858, 904, 3451, 2959, 898, 296, 1217, 951, 48516, 1178, 1213, 922, 50, 5690, 246, 1208, 1136
409,1204, 750, 1104, 3451, 898, 2959, 904, 951, 741, 1178, 5690, 1248, 1283, 3275, 48516, 50, 56782, 1208, 922, 1217
410,1104, 3451, 1204, 858, 2959, 1178, 898, 48516, 720, 1217, 741, 1213, 951, 5690, 50, 1136, 3275, 246, 1197, 1208
411,750, 1204, 1104, 3451, 858, 904, 898, 2959, 1217, 1178, 741, 48516, 922, 475, 912, 1213, 260, 1237, 1221, 1276
412,318, 750, 1104, 3451, 1204, 2959, 1178, 922, 3468, 177593, 246, 296, 720, 50, 1217, 48516, 741, 1213, 3435, 56782
413,750, 1204, 1104, 1217, 904, 898, 1178, 741, 922, 475, 142488, 5690, 3451, 3037, 48516, 50, 3508, 1208, 106642, 56782
414,3451, 898, 922, 246, 3468, 5690, 1248, 2324, 3435, 1237, 930, 1041, 3030, 2160, 106642, 1283, 1203, 2360, 3429, 2788
415,1204, 1104, 3451, 1217, 898, 1178, 951, 246, 1248, 741, 177593, 1237, 1208, 4973, 1136, 475, 56782, 912, 1089, 1199
416,1204, 3451, 1178, 1104, 858, 1041, 246, 1248, 904, 1217, 922, 1276, 720, 898, 177593, 48516, 50, 1223, 38061, 1213
417,3451, 750, 1204, 1104, 898, 904, 1217, 951, 246, 1178, 48516, 56782, 1136, 50, 930, 475, 2019, 177593, 922, 4973
418,1104, 1204, 750, 898, 858, 904, 951, 741, 3451, 922, 1178, 177593, 1221, 1213, 38061, 260, 48516, 1208, 720, 1233
419,750, 3451, 1104, 1204, 904, 898, 1248, 922, 1178, 951, 1276, 741, 48516, 1217, 1136, 260, 4973, 3435, 2324, 56782
420,1104, 1204, 858, 3451, 904, 898, 1178, 951, 177593, 1217, 48516, 50, 1213, 922, 1221, 246, 3275, 5690, 912, 1276
421,750, 1104, 1217, 3451, 1204, 858, 2959, 898, 296, 1041, 177593, 3275, 922, 741, 4973, 2788, 1213, 1248, 48516, 930
422,1104, 1204, 3451, 898, 1217, 951, 296, 1178, 246, 50, 475, 3435, 48516, 1136, 56782, 5690, 1221, 1089, 1208, 741
423,1104, 1204, 750, 858, 8132, 933, 904, 5690, 2959, 3451, 922, 1276, 2019, 475, 930, 741, 898, 1233, 912, 50
424,750, 3451, 1104, 1204, 1217, 904, 898, 1178, 951, 5690, 246, 3468, 3275, 922, 1276, 56782, 1199, 912, 260, 1136
425,1204, 1104, 3451, 904, 898, 1217, 1178, 951, 48516, 922, 246, 1213, 5690, 1208, 1276, 56782, 177593, 3468, 912, 1197
426,750, 1104, 1204, 3451, 858, 904, 2959, 5690, 741, 898, 720, 1178, 1217, 50, 56782, 922, 48516, 1213, 1208, 1221
427,318, 898, 1204, 750, 951, 858, 1104, 2959, 904, 3451, 246, 1217, 741, 48516, 922, 3275, 1213, 4973, 7361, 50
428,318, 750, 1204, 1104, 3451, 858, 904, 898, 1217, 1178, 951, 48516, 1248, 50, 922, 1213, 1276, 3275, 1221, 246
429,318, 1104, 750, 3451, 858, 1204, 2959, 904, 898, 475, 296, 48516, 922, 720, 741, 1223, 951, 1237, 1213, 56782
430,1204, 3451, 750, 1104, 2959, 904, 922, 48516, 296, 1178, 898, 1213, 951, 50, 177593, 1136, 741, 1221, 56782, 260
431,318, 750, 904, 858, 898, 1204, 1041, 2959, 720, 1104, 1223, 741, 1276, 296, 50, 951, 56782, 1213, 3451, 1235
432,750, 1104, 1204, 3451, 904, 898, 922, 951, 1178, 741, 1213, 1217, 1136, 3468, 1208, 56782, 246, 1276, 3275, 1197
433,1204, 1104, 750, 858, 3468, 904, 106642, 1178, 1262, 246, 922, 1208, 741, 951, 1213, 3836, 1276, 1217, 5690, 1237
434,1104, 1204, 3451, 904, 898, 1178, 951, 1217, 922, 50, 246, 1276, 475, 1221, 3275, 4973, 912, 56782, 1248, 720
435,750, 1104, 1204, 3451, 951, 898, 904, 922, 1178, 296, 3275, 56782, 1213, 3468, 1136, 1237, 4973, 1217, 3435, 260
436,750, 1204, 1104, 858, 2959, 3451, 904, 741, 922, 898, 296, 951, 1178, 48516, 1041, 50, 1248, 1213, 246, 1217
437,750, 1104, 858, 3451, 2959, 904, 898, 1217, 1178, 56782, 922, 48516, 1237, 741, 1221, 475, 1136, 3468, 912, 1089
438,750, 3451, 1104, 1204, 858, 904, 898, 1178, 296, 741, 951, 1217, 922, 50, 1213, 3468, 1276, 1136, 475, 912
439,750, 1217, 3451, 1178, 858, 2959, 720, 475, 904, 246, 1248, 296, 1104, 1204, 3275, 741, 1041, 50, 3508, 2324
440,318, 750, 1104, 858, 5690, 1204, 951, 2959, 922, 1041, 1217, 3451, 106642, 741, 904, 3030, 296, 898, 48516, 177593
441,1104, 318, 750, 1217, 858, 1204, 904, 475, 898, 5690, 3451, 951, 1178, 1276, 48516, 3275, 50, 1213, 1136, 3836
442,1204, 318, 3508, 1217, 898, 858, 177593, 1178, 904, 1104, 750, 2959, 51931, 5690, 1276, 296, 1208, 720, 912, 1233
443,3451, 750, 1104, 1178, 1204, 858, 904, 898, 2019, 246, 720, 50, 1217, 48516, 1213, 1237, 1235, 1136, 912, 1221
444,1104, 750, 1204, 858, 1178, 2959, 904, 922, 898, 1217, 951, 48516, 1213, 3275, 1208, 475, 4973, 1276, 260, 1197
445,318, 1104, 3451, 898, 1204, 858, 904, 922, 1217, 951, 1178, 246, 48516, 475, 741, 50, 1208, 2019, 1213, 1237
446,318, 1104, 750, 1204, 858, 3451, 2959, 904, 1217, 898, 1178, 246, 3275, 741, 48516, 951, 1276, 1213, 1248, 56782
447,1104, 750, 1204, 3451, 858, 898, 904, 2959, 741, 1178, 951, 475, 5690, 1276, 177593, 50, 48516, 930, 4973, 1213
448,318, 750, 1104, 3451, 1204, 904, 898, 1178, 951, 741, 1217, 5690, 246, 56782, 922, 3275, 177593, 4973, 1197, 1199
449,898, 750, 1204, 858, 1217, 904, 1178, 1104, 246, 951, 3451, 177593, 296, 930, 48516, 3200, 1237, 3275, 3468, 3030
450,318, 1204, 750, 1104, 858, 1178, 2959, 5690, 1217, 904, 3451, 898, 475, 922, 296, 50, 246, 951, 1213, 3030
451,318, 1204, 1104, 750, 1217, 858, 2959, 741, 106642, 296, 904, 3451, 3275, 933, 56782, 1213, 246, 5690, 898, 1208
452,2959, 318, 898, 904, 750, 3451, 1204, 1104, 1178, 296, 922, 1217, 48516, 951, 741, 1213, 50, 56782, 475, 1276
453,750, 1204, 1104, 3451, 904, 1217, 898, 177593, 1178, 951, 741, 48516, 246, 5690, 1213, 475, 1276, 922, 1208, 3275
454,3451, 318, 750, 1204, 858, 1104, 1178, 2959, 741, 3435, 951, 933, 48516, 720, 922, 898, 912, 260, 1213, 1041
455,1204, 750, 1104, 904, 858, 2959, 898, 246, 1178, 1217, 922, 475, 3451, 56782, 296, 177593, 741, 48516, 5690, 1276
456,318, 750, 1104, 3451, 1204, 858, 904, 2959, 898, 3435, 951, 5690, 1217, 933, 922, 296, 741, 1178, 48516, 56782
457,1104, 318, 1204, 750, 858, 177593, 904, 3451, 741, 898, 1178, 296, 38061, 1217, 1213, 1089, 1267, 50, 1221, 56782
458,318, 1104, 1204, 750, 858, 2959, 898, 904, 5690, 741, 922, 1178, 951, 3451, 48516, 1248, 1276, 3037, 1213, 50
459,318, 1204, 3451, 750, 1237, 904, 1104, 858, 2959, 898, 296, 3468, 951, 48516, 741, 2160, 3275, 177593, 1208, 1178
460,750, 1104, 1204, 858, 904, 1217, 3451, 898, 951, 296, 1178, 3468, 50, 475, 1213, 922, 1136, 1221, 260, 5690
461,177593, 750, 951, 3451, 904, 1178, 1204, 898, 720, 3468, 1104, 2959, 858, 246, 296, 3037, 3275, 1199, 56782, 1245
462,1104, 3451, 1204, 898, 1178, 951, 922, 48516, 5690, 56782, 741, 3030, 246, 1217, 720, 3275, 1199, 1041, 177593, 1197
463,318, 3451, 1178, 1217, 750, 1204, 1104, 858, 2959, 246, 904, 898, 50, 56782, 1199, 1267, 48516, 1136, 5690, 1213
464,750, 1104, 1204, 3451, 898, 904, 741, 951, 1217, 1178, 50, 1136, 912, 720, 475, 4973, 922, 1208, 1276, 56782
465,318, 1104, 1204, 858, 3451, 2959, 898, 1178, 951, 296, 1217, 48516, 50, 246, 741, 5690, 1213, 177593, 1221, 1276
466,750, 1204, 3451, 1104, 858, 904, 1217, 898, 951, 296, 1178, 922, 3468, 50, 48516, 1213, 741, 56782, 246, 3275
467,1204, 318, 1104, 750, 951, 904, 858, 1237, 2959, 1217, 3468, 296, 177593, 898, 306, 3508, 48516, 475, 6350, 3451
468,3451, 750, 1178, 1204, 858, 177593, 1104, 2959, 951, 904, 1248, 1283, 48516, 5690, 3037, 1199, 50, 2160, 912, 1213
469,3451, 2959, 1217, 246, 951, 48516, 922, 177593, 720, 475, 741, 56782, 5690, 3468, 3275, 4973, 3435, 7361, 1041, 2019
470,750, 1104, 1204, 858, 3451, 2959, 904, 898, 1178, 177593, 1217, 5690, 922, 48516, 1276, 1248, 246, 741, 951, 912
471,318, 750, 1104, 3030, 1204, 858, 3451, 720, 1217, 898, 3468, 246, 1178, 3508, 1248, 48516, 741, 904, 1276, 951
472,1204, 1104, 750, 898, 951, 1217, 2959, 904, 246, 3451, 3508, 1178, 177593, 1213, 720, 296, 8132, 475, 741, 2360
473,750, 1217, 3451, 1204, 858, 898, 177593, 951, 904, 1104, 1178, 1237, 3508, 296, 246, 922, 3275, 3468, 933, 50
474,741, 177593, 56782, 3275, 38061, 58559, 57669, 106642, 866, 142488, 4011, 2360, 168252, 78499, 27773, 112552, 8132, 71899, 3266, 105504
475,318, 750, 1104, 1204, 858, 3451, 2959, 904, 898, 296, 741, 1178, 922, 951, 48516, 50, 1276, 1213, 1217, 3468
476,1104, 1204, 750, 3451, 858, 2959, 1217, 904, 1178, 3435, 922, 898, 246, 56782, 3468, 48516, 50, 1213, 951, 5690
477,1104, 3451, 858, 2959, 898, 1178, 1217, 951, 50, 56782, 1213, 246, 1221, 912, 475, 1197, 3508, 1248, 3435, 5690
478,318, 246, 750, 1104, 162, 951, 858, 2959, 1217, 904, 1178, 1204, 71899, 898, 296, 3435, 1248, 56782, 48516, 922
479,318, 750, 3451, 1178, 1104, 1204, 2959, 951, 898, 177593, 296, 3275, 48516, 1213, 50, 741, 922, 720, 1136, 1199
480,750, 1104, 1204, 3451, 898, 904, 1178, 951, 922, 1217, 5690, 912, 475, 1276, 1199, 56782, 1248, 177593, 720, 2019
481,318, 750, 1204, 858, 904, 930, 3451, 1104, 2959, 898, 2360, 177593, 296, 8132, 48516, 951, 246, 1178, 720, 50
482,318, 750, 1204, 1104, 858, 904, 2959, 898, 106642, 3451, 951, 5690, 296, 741, 177593, 1283, 912, 1276, 720, 1213
483,1104, 750, 1204, 3451, 904, 898, 1217, 951, 1178, 922, 1213, 56782, 1276, 1208, 1089, 246, 177593, 1248, 3435, 3468
484,750, 1104, 1204, 3451, 858, 898, 1178, 951, 1217, 296, 922, 50, 741, 3275, 246, 1208, 912, 1276, 177593, 1221
485,318, 1204, 750, 858, 741, 898, 951, 2959, 904, 1104, 3275, 106642, 922, 296, 3451, 246, 720, 48516, 1199, 50
486,1104, 750, 1204, 177593, 898, 904, 2959, 858, 3451, 951, 1178, 1217, 1248, 741, 50, 48516, 475, 922, 1089, 1213
487,1104, 3451, 1217, 858, 1204, 898, 177593, 56782, 5690, 296, 3508, 1041, 246, 3435, 1213, 3275, 951, 48516, 912, 1136
488,1104, 1204, 750, 1217, 858, 177593, 2959, 1178, 296, 48516, 1276, 1213, 56782, 5690, 50, 741, 260, 1267, 1221, 1208
489,318, 1104, 858, 3451, 1178, 898, 1217, 741, 50, 922, 48516, 1213, 951, 260, 3275, 1221, 1208, 177593, 1276, 246
490,318, 750, 1104, 858, 3451, 1204, 904, 898, 1178, 1217, 741, 922, 50, 951, 3275, 48516, 475, 1213, 1221, 246
491,318, 3451, 750, 1204, 858, 1217, 2959, 1104, 1178, 904, 922, 296, 56782, 48516, 898, 50, 1213, 951, 720, 741
492,318, 1104, 750, 3451, 1204, 951, 904, 898, 2959, 5690, 296, 48516, 50, 1178, 1217, 912, 1276, 1213, 1208, 1136
493,1104, 318, 1204, 750, 1217, 741, 2959, 904, 922, 3451, 898, 1237, 296, 1248, 1276, 3275, 475, 48516, 1213, 1136
494,318, 3451, 1104, 750, 1178, 2959, 898, 951, 904, 246, 922, 177593, 3275, 296, 1217, 48516, 1267, 50, 1136, 1945
495,750, 1104, 3451, 1204, 1178, 904, 296, 951, 898, 922, 1217, 741, 56782, 1213, 5690, 246, 1136, 1221, 260, 4973
496,318, 750, 1104, 1204, 898, 2959, 475, 296, 1237, 5690, 741, 106642, 1276, 1223, 260, 48516, 1136, 1213, 2019, 1089
497,3451, 1204, 741, 1217, 1104, 5690, 951, 296, 898, 56782, 1178, 3275, 1237, 48516, 1208, 1213, 922, 177593, 1136, 1276
498,1104, 1204, 750, 951, 898, 858, 1041, 2959, 904, 56782, 246, 741, 38061, 1213, 3435, 50, 1208, 1178, 922, 48516
499,318, 1204, 741, 750, 475, 858, 3451, 2959, 1104, 904, 898, 930, 922, 106642, 5690, 3435, 27156, 1217, 3468, 56782
500,318, 3451, 1204, 750, 1104, 858, 2959, 904, 898, 1178, 296, 177593, 50, 741, 1248, 48516, 1213, 1276, 1208, 1217
501,318, 3451, 750, 1104, 858, 904, 898, 2959, 1204, 3468, 296, 741, 48516, 2324, 2360, 951, 3435, 56782, 1213, 260
502,750, 3451, 1104, 898, 1217, 1204, 741, 2959, 951, 858, 904, 1178, 3435, 1041, 720, 296, 3275, 922, 1276, 1223
503,1104, 750, 3451, 1204, 898, 951, 1178, 904, 1276, 741, 1217, 922, 1248, 3275, 1136, 50, 1208, 260, 3468, 1199
504,318, 1104, 750, 1204, 3451, 858, 2959, 1217, 904, 898, 1178, 5690, 48516, 246, 3275, 922, 741, 50, 1213, 1276
505,318, 1104, 750, 3451, 858, 904, 1204, 1178, 898, 951, 720, 48516, 296, 3275, 922, 741, 56782, 5690, 933, 1217
506,318, 750, 3451, 858, 1204, 1178, 1104, 2959, 904, 475, 50, 1217, 296, 3508, 1213, 1221, 177593, 1235, 720, 1136
507,3451, 318, 1104, 750, 858, 1204, 1178, 2959, 904, 48516, 296, 898, 3836, 1217, 951, 1233, 3508, 1213, 177593, 50
508,3451, 318, 750, 1217, 858, 1204, 904, 2959, 475, 1104, 1209, 741, 3468, 296, 246, 48516, 2324, 1228, 1237, 56782
509,318, 750, 1104, 1204, 3451, 858, 2959, 904, 898, 951, 1178, 1217, 50, 48516, 922, 741, 1213, 1208, 1276, 5690
510,318, 1104, 3468, 1204, 904, 2959, 951, 898, 3451, 246, 296, 1178, 1217, 922, 48516, 1136, 260, 3275, 1276, 741
511,1204, 3451, 1104, 750, 858, 898, 904, 1217, 296, 48516, 50, 1213, 1276, 951, 1178, 1248, 912, 260, 1221, 177593
512,750, 1104, 1204, 858, 1217, 904, 2959, 3451, 475, 1178, 246, 898, 1237, 922, 1213, 48516, 1208, 912, 56782, 1248
513,1204, 3451, 1104, 858, 1237, 898, 904, 2959, 922, 1178, 1041, 1203, 50, 4973, 1213, 741, 1223, 1248, 1208, 1221
514,318, 750, 1104, 1204, 3451, 858, 904, 1178, 898, 951, 475, 48516, 50, 5690, 720, 922, 741, 1217, 246, 3275
515,1217, 750, 1204, 3451, 1104, 858, 904, 898, 56782, 922, 3468, 1178, 296, 5690, 1267, 38061, 3275, 177593, 3037, 4973
516,3451, 318, 1104, 750, 1178, 1204, 898, 904, 858, 2959, 296, 951, 3266, 741, 5690, 56782, 50, 475, 1248, 912
517,3451, 1178, 1104, 858, 904, 2959, 296, 48516, 741, 951, 720, 50, 1041, 1208, 1213, 3508, 1276, 930, 1221, 475
518,3451, 318, 1204, 750, 741, 858, 1178, 1104, 720, 2959, 904, 898, 4144, 296, 56782, 246, 48516, 1213, 177593, 922
519,1104, 750, 858, 1204, 3451, 898, 904, 2959, 296, 1276, 2360, 48516, 5500, 1945, 50, 5690, 246, 1199, 475, 1235
520,1104, 1204, 3451, 2959, 904, 898, 1178, 296, 741, 922, 1217, 951, 50, 48516, 5690, 1213, 1276, 260, 475, 3275
521,318, 750, 1104, 1204, 3451, 858, 904, 2959, 5690, 922, 177593, 296, 1178, 1223, 475, 48516, 50, 1276, 3468, 3275
522,1104, 750, 1204, 3451, 898, 904, 922, 741, 1178, 951, 1276, 1248, 720, 4973, 1217, 1208, 3468, 930, 3275, 475
523,750, 1204, 1104, 858, 3451, 904, 898, 1217, 951, 296, 3468, 922, 48516, 1178, 1276, 50, 1213, 1248, 741, 1136
524,1104, 750, 1204, 858, 2959, 904, 3451, 898, 296, 1178, 48516, 1213, 246, 3275, 475, 951, 3435, 56782, 4973, 1217
525,1104, 1204, 3451, 858, 904, 898, 1217, 1178, 296, 951, 48516, 741, 1213, 922, 475, 912, 1221, 3275, 246, 1208
526,750, 1204, 1104, 858, 3468, 904, 898, 1178, 922, 246, 951, 3451, 56782, 50, 3275, 741, 48516, 1199, 475, 933
527,318, 1104, 750, 1204, 3451, 858, 904, 2959, 898, 741, 296, 1178, 951, 3275, 48516, 1217, 1213, 720, 50, 1276
528,318, 1104, 750, 1217, 951, 898, 1204, 1178, 858, 2959, 904, 1041, 1248, 50, 4973, 5690, 912, 1276, 1235, 475
529,318, 750, 1104, 1204, 858, 904, 3451, 3275, 2959, 3468, 1178, 475, 296, 1248, 50, 898, 1213, 7156, 1237, 1136
530,1104, 318, 1204, 898, 750, 904, 858, 2959, 1178, 951, 922, 1276, 296, 3451, 1248, 741, 48516, 1208, 930, 3508
531,1104, 898, 318, 1204, 1217, 750, 858, 246, 904, 2959, 3435, 3275, 56782, 3468, 3508, 933, 951, 296, 741, 1237
532,750, 1204, 904, 741, 246, 898, 56782, 3451, 951, 475, 1104, 296, 50, 1217, 720, 48516, 1237, 922, 912, 3468
533,3451, 318, 1104, 1204, 750, 858, 904, 951, 1178, 296, 898, 177593, 48516, 1136, 1213, 3275, 741, 2324, 260, 50
534,318, 750, 1104, 1204, 3451, 858, 2959, 904, 898, 296, 1178, 951, 741, 922, 1217, 48516, 50, 1213, 56782, 1136
535,318, 750, 1204, 922, 1178, 858, 1104, 2959, 3451, 1217, 177593, 3275, 898, 904, 296, 50, 48516, 5690, 3037, 1276
536,1104, 318, 750, 1204, 3451, 1178, 858, 951, 898, 904, 56782, 2959, 246, 1276, 5690, 296, 3275, 1136, 720, 50
537,1204, 1104, 750, 858, 2959, 898, 904, 177593, 246, 922, 720, 1217, 5690, 7371, 1213, 1276, 296, 1223, 1208, 50
538,318, 3451, 750, 1104, 1204, 858, 2959, 5690, 3030, 1178, 904, 898, 922, 296, 50, 1221, 1217, 951, 741, 48516
539,1204, 1104, 750, 106642, 898, 5690, 3451, 858, 2959, 3836, 904, 922, 3435, 930, 296, 1178, 951, 48516, 1213, 50
540,1104, 318, 750, 951, 858, 898, 904, 1204, 922, 3451, 5690, 3275, 1276, 3468, 1213, 1208, 50, 475, 4973, 1248
541,1104, 1178, 1204, 750, 3451, 898, 858, 2959, 904, 741, 48516, 951, 296, 177593, 475, 1276, 1213, 246, 3275, 1217
542,1104, 750, 1204, 3451, 858, 904, 898, 1217, 922, 951, 1276, 475, 50, 246, 741, 1213, 1208, 260, 1221, 1041
543,318, 1204, 1104, 750, 3451, 904, 858, 5690, 3468, 177593, 922, 951, 1248, 1276, 1217, 741, 930, 48516, 296, 246
544,3451, 318, 750, 246, 858, 4642, 2959, 1237, 3468, 1104, 904, 1178, 177593, 4967, 1217, 1204, 3275, 1248, 296, 1276
545,1204, 318, 1178, 3451, 750, 1104, 858, 922, 2959, 904, 3468, 56782, 296, 4144, 898, 177593, 3275, 1213, 38061, 1221
546,318, 3451, 1104, 750, 1217, 858, 1204, 898, 741, 2959, 3266, 1178, 904, 296, 720, 3275, 2019, 1235, 1276, 50
547,1178, 318, 1204, 1104, 3451, 858, 5690, 750, 904, 898, 2959, 1217, 3836, 3037, 2239, 50, 475, 951, 1235, 296
548,318, 1178, 3451, 1104, 750, 1217, 904, 858, 177593, 1204, 2959, 898, 951, 2160, 296, 5690, 48516, 50, 1213, 1197
549,898, 750, 1204, 858, 922, 246, 904, 951, 3451, 5690, 1104, 56782, 2360, 71899, 1217, 3468, 1178, 296, 177593, 3201
550,1204, 750, 177593, 1104, 904, 858, 2959, 56782, 3451, 1178, 71899, 898, 1217, 296, 951, 48516, 1267, 1089, 246, 1213
551,1204, 750, 1104, 898, 858, 3451, 904, 3468, 246, 56782, 741, 1217, 48516, 1178, 951, 922, 50, 1276, 720, 1213
552,318, 1104, 1204, 858, 904, 3451, 1178, 898, 246, 951, 48516, 1217, 1213, 50, 922, 475, 741, 3275, 260, 1221
553,318, 1104, 750, 1204, 1217, 904, 898, 3451, 741, 922, 1178, 4973, 1276, 177593, 1208, 246, 1041, 260, 475, 1136
554,318, 750, 3451, 1104, 3435, 1217, 1204, 2959, 898, 904, 5690, 741, 1178, 177593, 296, 48516, 50, 1235, 3508, 56782
555,750, 1204, 1104, 3451, 858, 898, 904, 1178, 1217, 246, 56782, 48516, 177593, 922, 951, 3275, 475, 912, 1136, 1221
556,1104, 318, 750, 1204, 898, 858, 904, 2959, 3451, 951, 296, 177593, 741, 1217, 1237, 48516, 50, 1213, 2019, 912
557,1204, 1104, 750, 1217, 3451, 858, 2959, 475, 5690, 296, 904, 1945, 3275, 1178, 898, 50, 922, 48516, 912, 3836
558,1104, 318, 1204, 898, 750, 858, 177593, 904, 2959, 3435, 1217, 1178, 951, 5690, 3451, 48516, 3508, 57669, 475, 930
559,1104, 750, 1204, 858, 3451, 2959, 1217, 904, 898, 1178, 50, 48516, 1213, 177593, 922, 1221, 1208, 1136, 951, 741
560,318, 750, 1104, 1204, 3451, 858, 904, 898, 1217, 951, 1178, 922, 1213, 246, 3275, 1276, 475, 1221, 1248, 912
561,750, 1104, 1204, 858, 3451, 904, 898, 1217, 1178, 951, 741, 1276, 1208, 1136, 1221, 912, 246, 4973, 475, 56782
562,750, 1104, 1204, 3451, 858, 904, 898, 951, 1178, 48516, 1217, 922, 3468, 1213, 741, 246, 1208, 5690, 260, 912
563,318, 750, 1104, 3451, 1204, 858, 2959, 904, 1178, 898, 296, 922, 48516, 50, 951, 1213, 1217, 741, 5690, 246
564,750, 1204, 1104, 3451, 898, 858, 904, 1178, 2959, 177593, 951, 296, 922, 3435, 48516, 741, 56782, 50, 1213, 930
565,750, 1204, 898, 858, 904, 1104, 1178, 2959, 1217, 951, 475, 1276, 5690, 1235, 1041, 1283, 912, 908, 1213, 1208
566,1104, 750, 1204, 898, 858, 2959, 904, 741, 922, 1178, 3451, 56782, 720, 1217, 1276, 48516, 3275, 951, 5690, 1213
567,318, 1204, 3451, 1104, 858, 2959, 904, 1217, 898, 296, 741, 1178, 922, 48516, 3435, 177593, 1276, 3275, 246, 1213
568,318, 1204, 1178, 750, 858, 3435, 177593, 2959, 904, 3468, 922, 3030, 1237, 3037, 1217, 38061, 3451, 3836, 48516, 866
569,1104, 318, 750, 1204, 930, 858, 1217, 898, 951, 246, 2959, 904, 56782, 1235, 3275, 1136, 1237, 1213, 48516, 2360
570,750, 1104, 1204, 3451, 904, 898, 1178, 1217, 951, 296, 741, 50, 922, 1213, 56782, 1136, 1276, 1208, 912, 177593
571,318, 750, 246, 1204, 858, 922, 2959, 3451, 904, 177593, 3275, 1217, 296, 741, 1178, 48516, 50, 933, 1104, 1267
572,1104, 2959, 3451, 898, 1217, 296, 5690, 922, 50, 1178, 177593, 48516, 951, 4973, 475, 1213, 741, 930, 246, 56782
573,750, 1204, 1104, 3451, 898, 904, 1217, 1178, 951, 741, 1248, 5690, 246, 922, 475, 1208, 4973, 912, 3468, 3275
574,1204, 750, 1237, 2959, 858, 3508, 3451, 904, 1178, 246, 1104, 48516, 898, 922, 912, 930, 177593, 3468, 50, 1221
575,318, 1104, 750, 904, 1204, 858, 2959, 3451, 898, 1178, 48516, 951, 1136, 56782, 3468, 2324, 1248, 3037, 1228, 1089
576,898, 318, 1104, 750, 1204, 475, 5690, 951, 858, 1267, 2959, 904, 56782, 741, 922, 3468, 80906, 48516, 296, 3451
577,750, 1204, 1104, 3451, 2959, 1178, 904, 898, 296, 922, 50, 1248, 1217, 741, 246, 48516, 951, 930, 3468, 1276
578,3451, 318, 750, 741, 1104, 858, 2959, 1204, 951, 904, 1178, 5690, 2067, 8132, 930, 475, 296, 50, 56782, 48516
579,318, 750, 1204, 1104, 1178, 858, 2959, 904, 3451, 296, 741, 177593, 3435, 1217, 475, 50, 260, 48516, 930, 3468
580,1104, 750, 1204, 3451, 898, 904, 951, 1178, 922, 1217, 246, 3468, 56782, 741, 177593, 1248, 475, 2324, 1197, 3030
581,750, 1204, 1104, 3451, 858, 246, 898, 904, 2360, 3468, 1199, 5690, 50, 48516, 1178, 912, 1276, 296, 922, 260
582,318, 750, 1204, 1104, 858, 898, 904, 246, 1217, 3468, 296, 475, 3030, 50, 1208, 177593, 1213, 951, 1089, 3275
583,318, 3451, 750, 1104, 904, 858, 1204, 2959, 1178, 177593, 951, 898, 1217, 48516, 1248, 246, 5690, 741, 2160, 50
584,318, 1104, 750, 1204, 858, 904, 2959, 741, 3451, 1178, 898, 56782, 50, 48516, 912, 1213, 1041, 260, 1217, 1089
585,318, 750, 1204, 3451, 1104, 3468, 922, 898, 1217, 1178, 1237, 50, 1248, 1208, 951, 246, 1136, 912, 260, 3030
586,750, 1204, 1104, 3451, 2959, 904, 898, 1217, 296, 1178, 5690, 48516, 50, 951, 1213, 741, 56782, 475, 922, 1136
587,318, 750, 1204, 1104, 858, 2959, 904, 1217, 741, 951, 1178, 922, 48516, 177593, 5690, 1213, 475, 3275, 4973, 1208
588,750, 1204, 1104, 3451, 858, 1178, 2959, 904, 246, 1217, 898, 56782, 1213, 48516, 951, 1221, 1237, 1208, 1248, 260
589,1204, 750, 1178, 858, 904, 2959, 898, 3508, 1104, 1217, 1237, 48516, 3451, 930, 1208, 912, 1041, 50, 4973, 1213
590,1104, 1178, 741, 1217, 475, 246, 4973, 56782, 5690, 1199, 177593, 7361, 720, 2019, 1237, 1223, 1041, 5618, 57669, 1225
591,318, 750, 1104, 3451, 1204, 858, 898, 1217, 904, 951, 296, 48516, 56782, 3037, 1178, 741, 1213, 50, 3275, 475
592,1204, 750, 1104, 858, 904, 2959, 898, 3451, 720, 951, 50, 48516, 5690, 930, 922, 1213, 1221, 260, 1178, 1217
593,1104, 750, 1204, 898, 904, 951, 3451, 1178, 296, 930, 48516, 741, 1041, 1248, 3468, 1136, 177593, 1276, 1217, 3435
594,1104, 318, 750, 904, 1204, 1223, 2959, 56782, 1217, 741, 898, 912, 475, 3451, 48516, 260, 1276, 1213, 1197, 3468
595,1178, 318, 750, 1104, 1217, 3435, 1237, 1204, 904, 858, 2959, 930, 898, 246, 3451, 3508, 1248, 2019, 296, 56782
596,318, 1104, 750, 1204, 3451, 898, 1217, 1178, 296, 922, 741, 48516, 951, 1213, 5690, 1276, 246, 1208, 912, 177593
597,318, 750, 1104, 3451, 2959, 1178, 898, 296, 951, 48516, 741, 177593, 1213, 3275, 3468, 1276, 912, 4973, 475, 1248
598,898, 318, 750, 1204, 3451, 1217, 1248, 904, 1104, 2959, 858, 1233, 3468, 3030, 296, 3836, 168252, 951, 741, 48516
599,3451, 1217, 246, 1276, 475, 177593, 1041, 2324, 3508, 933, 1262, 908, 1267, 57669, 3836, 527, 1193, 1235, 3037, 106642
600,1104, 1204, 3451, 898, 904, 1178, 922, 741, 951, 5690, 48516, 50, 3275, 246, 1276, 1208, 1221, 56782, 475, 1089
601,750, 1104, 1204, 3451, 898, 1178, 296, 741, 1217, 951, 922, 177593, 1213, 3275, 4973, 260, 1208, 1276, 56782, 1089
602,750, 1104, 1204, 858, 3451, 2959, 904, 898, 1178, 741, 48516, 951, 1213, 922, 1217, 1276, 930, 1136, 1221, 1248
603,318, 750, 3451, 1204, 1178, 951, 741, 922, 48516, 50, 177593, 3275, 4973, 1136, 56782, 1276, 3468, 475, 7361, 720
604,318, 750, 1104, 3451, 1204, 858, 904, 2959, 898, 1217, 48516, 951, 922, 1213, 50, 1178, 3275, 1136, 177593, 246
605,318, 1104, 750, 1204, 858, 3451, 904, 2959, 1217, 898, 951, 48516, 1178, 741, 3468, 1213, 922, 50, 1276, 5690
606,1104, 1178, 951, 246, 741, 1213, 922, 1276, 3275, 56782, 1197, 5690, 1248, 3468, 177593, 1237, 720, 1252, 3435, 1233
607,750, 3451, 1104, 1204, 2959, 904, 898, 922, 741, 1217, 1178, 48516, 56782, 246, 50, 951, 1248, 912, 3275, 1221
608,1204, 1104, 3451, 904, 898, 1217, 951, 922, 48516, 1178, 177593, 4973, 246, 1276, 912, 1248, 1199, 56782, 475, 1197
609,750, 3451, 1104, 1204, 858, 5690, 2959, 1178, 904, 898, 106642, 50, 1208, 475, 1213, 1136, 741, 260, 912, 48516
610,1104, 1204, 3451, 898, 951, 1178, 1217, 922, 246, 177593, 3275, 5690, 475, 1248, 720, 3508, 2324, 2019, 1237, 3435
