1['318', '48516', '68157', '720', '1272', '898', '908', '912', '930', '1103']
2['1193', '50', '750', '1204', '1223', '904', '1248', '928', '296', '2571']
3['296', '56782', '866', '1089', '1288', '88163', '106782', '68954', '94959', '8132']
4['1228', '44555', '56367', '918', '7981', '905', '5690', '81845', '1262', '52328']
5['1193', '858', '68954', '904', '3435', '1270', '1104', '6016', '112552', '27773']
6['3275', '904', '899', '1222', '3578', '3435', '4878', '8950', '5618', '74458']
7['1203', '318', '1250', '1207', '720', '1262', '1237', '296', '6016', '1198']
8['1204', '1104', '866', '1178', '750', '1242', '922', '7153', '2959', '4993']
9['296', '1197', '318', '527', '4226', '2571', '2959', '260', '60069', '1199']
10['750', '922', '3468', '1237', '1104', '318', '1276', '115713', '3915', '6818']
11['3275', '1198', '1208', '1233', '527', '1217', '858', '1172', '1262', '115713']
12['50', '296', '1089', '1136', '1210', '1213', '1222', '1278', '1291', '1617']
13['750', '1204', '3468', '527', '898', '1104', '1276', '3435', '1223', '2542']
14['105504', '3275', '750', '4144', '1276', '1237', '2324', '56782', '1267', '50']
15['1262', '908', '74458', '778', '2788', '2203', '1283', '1249', '1276', '475']
16['1242', '899', '8368', '1217', '3275', '1204', '5690', '1237', '7371', '6711']
17['1262', '1148', '1237', '3275', '1104', '2324', '1250', '3200', '2202', '1136']
18['741', '720', '1249', '5618', '69481', '3508', '1204', '56782', '1199', '1197']
19['527', '858', '1221', '1204', '1199', '58559', '81834', '1250', '1213', '1212']
20['858', '593', '112552', '1221', '910', '58559', '7153', '1228', '3451', '1193']
21['2788', '4995', '318', '908', '1249', '122916', '1584', '475', '1245', '4011']
22['110', '223', '1201', '3328', '105504', '1089', '1196', '1276', '589', '904']
23['1242', '3451', '898', '318', '48516', '720', '899', '1225', '1197', '2959']
24['1208', '1213', '4226', '2959', '1089', '4878', '2329', '1250', '750', '1104']
25['50', '356', '1089', '1210', '1222', '318', '1272', '898', '904', '2324']
26['318', '527', '7361', '110', '68157', '1276', '50', '1203', '4973', '1270']
27['8368', '7371', '318', '3275', '1104', '898', '904', '2329', '109487', '4011']
28['1217', '1270', '2788', '1204', '1235', '904', '866', '1104', '2324', '112552']
29['1199', '1221', '58559', '79132', '246', '2571', '527', '2324', '1276', '1214']
30['593', '1089', '1136', '1197', '1199', '4226', '750', '4973', '1217', '1204']
31['2959', '441', '1089', '1041', '58559', '1242', '1104', '68954', '1221', '112552']
32['5690', '1704', '48516', '1208', '5618', '1089', '1204', '750', '4995', '541']
33['1197', '1219', '899', '6350', '168252', '6016', '4993', '1278', '2858', '48516']
34['593', '4878', '2542', '908', '3275', '924', '1225', '1104', '5618', '750']
35['318', '1136', '1223', '3451', '1270', '912', '3037', '2329', '356', '1276']
36['5952', '56782', '3468', '4993', '3703', '2019', '750', '912', '7153', '5690']
37['898', '1172', '1262', '527', '1193', '1225', '7361', '1104', '1197', '1233']
38['3468', '1215', '2571', '1203', '904', '951', '1222', '3200', '3435', '720']
39['318', '60069', '1266', '3435', '246', '3275', '5952', '8132', '58559', '1086']
40['1193', '1223', '908', '1221', '527', '898', '1250', '1148', '969', '750']
41['475', '51255', '2300', '4642', '3424', '1197', '3328', '119145', '55276', '1212']
42['91529', '750', '5618', '2019', '1204', '720', '152081', '4973', '27773', '898']
43['50', '260', '593', '608', '919', '923', '954', '1089', '1136', '1196']
44['318', '1104', '48516', '1206', '5952', '1276', '1208', '4993', '3037', '750']
45['1212', '1276', '1261', '933', '1104', '1617', '904', '1204', '1089', '1266']
46['356', '750', '1270', '1223', '4995', '29', '1262', '3147', '112552', '105504']
47['858', '1248', '364', '1204', '1104', '110', '4011', '1084', '3671', '6016']
48['1089', '318', '3275', '296', '2959', '48516', '593', '1704', '1291', '50']
49['296', '1204', '56782', '1197', '951', '858', '2959', '58559', '720', '912']
50['260', '7361', '1221', '1197', '1213', '527', '1196', '1209', '50', '1104']
51['1199', '1207', '741', '588', '2571', '356', '6', '1210', '910', '4306']
52['50', '1213', '904', '750', '1204', '1237', '1104', '246', '1089', '1719']
53['1', '6', '47', '50', '110', '223', '260', '296', '356', '441']
54['750', '1221', '1276', '1089', '1213', '1197', '111', '1249', '951', '27773']
55['260', '904', '858', '750', '1196', '3429', '2959', '318', '1197', '2329']
56['5952', '48516', '1199', '4993', '930', '1213', '1104', '7153', '1258', '1223']
57['4993', '2502', '909', '1219', '4973', '318', '1387', '4226', '68157', '7153']
58['912', '56367', '5618', '866', '858', '7153', '1104', '2997', '1136', '2019']
59['908', '1225', '1276', '1262', '246', '1104', '1041', '1248', '2318', '3468']
60['2571', '1204', '1198', '1193', '750', '1199', '6377', '2028', '4226', '1233']
61['750', '1276', '356', '908', '904', '898', '1193', '3451', '912', '2186']
62['899', '56782', '2997', '1199', '1148', '3897', '46578', '3275', '904', '364']
63['17', '44195', '2160', '898', '6711', '1028', '750', '3062', '3836', '5995']
64['1247', '750', '1199', '1262', '1252', '48516', '912', '6787', '5618', '1272']
65['1276', '4973', '904', '1258', '3083', '1193', '750', '1204', '177593', '7361']
66['2324', '1276', '2329', '750', '4973', '858', '4878', '933', '1104', '1233']
67['1249', '1276', '3147', '527', '1172', '265', '1262', '1217', '3275', '1203']
68['6350', '3468', '1350', '1242', '5690', '106642', '2202', '1296', '1204', '2788']
69['2959', '1223', '750', '720', '527', '1203', '1198', '904', '4011', '3435']
70['1267', '593', '3275', '1198', '260', '1089', '1104', '608', '750', '1945']
71['318', '2324', '899', '1204', '1276', '5618', '110', '1198', '2571', '356']
72['7361', '2959', '2324', '1258', '1203', '904', '6016', '4226', '48516', '1148']
73['1208', '750', '5618', '1136', '3213', '106642', '2959', '48516', '1104', '1223']
74['318', '2959', '1198', '50', '2324', '58559', '750', '260', '1104', '898']
75['1223', '318', '720', '7361', '3949', '750', '1248', '1242', '5995', '1258']
76['1041', '3424', '3578', '4011', '3347', '930', '3972', '866', '51709', '5500']
77['858', '1204', '1089', '296', '318', '1242', '1214', '4306', '898', '928']
78['1653', '68157', '898', '27773', '922', '3503', '913', '750', '1221', '2959']
79['318', '1223', '112552', '527', '364', '910', '5618', '58559', '3275', '4306']
80['750', '1235', '1104', '3435', '1242', '3681', '1222', '1041', '1204', '922']
81['1197', '246', '3275', '750', '1233', '1136', '4973', '3147', '1732', '1258']
82['3147', '750', '5690', '1178', '904', '56782', '1245', '4011', '79132', '1041']
83['50', '527', '912', '2019', '1193', '1208', '1252', '922', '858', '898']
84['750', '3949', '1233', '1617', '1237', '4878', '31658', '3275', '2959', '2804']
85['5618', '908', '356', '2571', '741', '1148', '1250', '904', '58559', '5690']
86['750', '908', '2160', '1204', '1250', '1193', '593', '31658', '1178', '6016']
87['318', '527', '2959', '1276', '1197', '1212', '2571', '4995', '899', '3435']
88['1198', '2571', '2959', '1200', '1204', '110', '1237', '6016', '1221', '4973']
89['58', '1276', '6377', '1303', '2083', '5618', '96829', '3989', '1266', '34405']
90['2959', '1199', '1242', '914', '1248', '4993', '1089', '7361', '3508', '930']
91['1204', '1223', '3030', '2858', '898', '7022', '4973', '720', '1283', '1086']
92['318', '2959', '1104', '1276', '6711', '2324', '296', '527', '475', '1089']
93['1089', '1136', '1197', '1198', '1278', '2580', '112552', '904', '930', '1225']
94['2571', '930', '1248', '1212', '3275', '908', '3266', '112552', '3147', '68157']
95['110', '858', '318', '2959', '356', '1252', '79132', '1276', '58559', '2324']
96['2959', '1276', '1242', '1247', '1104', '608', '4973', '924', '6711', '741']
97['750', '2324', '1223', '3275', '3508', '589', '904', '8874', '4034', '1250']
98['2959', '7361', '3508', '7438', '1276', '142488', '1245', '3000', '56782', '1196']
99['899', '2571', '1204', '1208', '5618', '922', '750', '4973', '79132', '3451']
100['58559', '3435', '318', '1210', '1258', '1089', '1242', '3037', '2959', '3275']
101['318', '1262', '260', '1250', '356', '1198', '1196', '1207', '904', '3147']
102['2324', '527', '904', '1617', '1204', '1203', '1270', '2571', '475', '1221']
103['866', '3275', '1104', '1199', '38061', '246', '27773', '1178', '2542', '37741']
104['953', '954', '2571', '741', '1234', '4848', '79132', '1245', '58559', '7371']
105['930', '1248', '1276', '1104', '1262', '1217', '1228', '908', '1242', '1267']
106['904', '1203', '2324', '1276', '2160', '1204', '1104', '2959', '1198', '1148']
107['1217', '750', '4306', '858', '3468', '1223', '4105', '50', '527', '908']
108['1208', '318', '50', '296', '1089', '1213', '1233', '2959', '1172', '1267']
109['1217', '1204', '750', '898', '1193', '858', '57669', '2324', '2019', '7153']
110['1204', '720', '750', '318', '908', '1250', '50', '1203', '44195', '1148']
111['106100', '265', '2423', '6016', '1199', '246', '3147', '928', '1089', '3201']
112['2959', '318', '858', '296', '1221', '904', '1199', '246', '527', '4973']
113['527', '5618', '1212', '924', '1266', '1199', '318', '910', '1041', '1222']
114['4973', '914', '3275', '56782', '364', '7153', '1208', '1217', '3451', '1199']
115['318', '1237', '1276', '1233', '1945', '1272', '527', '1748', '1247', '1104']
116['2571', '750', '3435', '223', '1136', '1262', '3037', '1249', '1283', '246']
117['1204', '1104', '58559', '750', '1193', '55118', '1198', '5690', '1197', '1221']
118['1198', '4993', '260', '318', '7153', '720', '904', '1262', '750', '5952']
119['904', '1276', '246', '5618', '56782', '750', '1175', '1228', '1242', '858']
120['1237', '1089', '750', '318', '1276', '50', '1242', '898', '1945', '1258']
121['50', '750', '1276', '2329', '142488', '7361', '1233', '4878', '5618', '898']
122['1198', '720', '898', '904', '908', '1203', '1266', '1288', '2324', '4226']
123['48516', '5690', '1276', '1204', '2324', '1673', '922', '1104', '3275', '898']
124['5690', '1197', '3275', '750', '1276', '3429', '1272', '1237', '1249', '457']
125['1104', '2324', '1276', '1223', '1213', '954', '1252', '930', '2160', '3578']
126['8368', '4034', '106642', '162', '89904', '4973', '112552', '1249', '1204', '2580']
127['1221', '260', '904', '356', '1228', '1262', '951', '858', '57669', '750']
128['527', '1237', '1276', '6350', '1223', '318', '1945', '1199', '2329', '1041']
129['318', '7361', '4973', '1248', '48516', '1204', '4995', '750', '904', '58559']
130['1250', '858', '6016', '527', '1237', '1262', '48516', '1221', '904', '1204']
131['1204', '750', '3578', '1198', '1199', '1252', '5690', '741', '56782', '2959']
132['2692', '57669', '1193', '6', '6016', '38038', '1178', '475', '527', '720']
133['5618', '7153', '1172', '1104', '922', '1248', '1233', '54997', '2959', '912']
134['3435', '904', '1237', '1104', '750', '898', '7361', '1200', '4973', '1204']
135['1193', '750', '7153', '1221', '1204', '2019', '1201', '4973', '58559', '50']
136['5618', '908', '1276', '97304', '5902', '1228', '1197', '5690', '4720', '4995']
137['1104', '2019', '2067', '1673', '720', '3468', '68157', '58559', '1213', '1041']
138['142488', '1237', '48516', '8874', '318', '116797', '1276', '1235', '899', '750']
139['318', '1193', '2959', '177593', '1208', '951', '5618', '5690', '106642', '1148']
140['750', '40819', '926', '898', '74458', '3275', '1249', '1237', '69757', '922']
141['741', '899', '3275', '142488', '112552', '57669', '54997', '1242', '44555', '5690']
142['608', '1089', '7361', '750', '2959', '858', '48516', '8874', '7153', '1221']
143['1249', '926', '1178', '1104', '2160', '1262', '922', '1041', '1272', '720']
144['2160', '1104', '904', '1204', '318', '1197', '866', '1199', '858', '7361']
145['750', '1193', '904', '951', '1228', '2019', '908', '1221', '1207', '1262']
146['858', '296', '7153', '5952', '1089', '1221', '1104', '1617', '1247', '2959']
147['1198', '750', '1945', '1217', '2959', '541', '2858', '79132', '2019', '1240']
148['1041', '318', '1104', '898', '1258', '1235', '1178', '177593', '1213', '5902']
149['1204', '4993', '5952', '2324', '2571', '2959', '1288', '7153', '56782', '923']
150['1204', '1272', '293', '1198', '866', '105504', '54997', '2160', '1178', '50']
151['318', '922', '356', '1223', '1201', '951', '750', '1104', '3451', '1204']
152['1204', '1276', '2019', '866', '356', '1250', '1262', '2324', '922', '1252']
153['1228', '608', '27831', '48516', '1394', '6296', '308', '117192', '1244', '6874']
154['858', '1221', '912', '318', '527', '1242', '922', '1199', '1203', '899']
155['318', '750', '1252', '3147', '356', '1262', '1248', '4973', '7153', '1235']
156['720', '26662', '48774', '246', '69481', '68954', '1203', '916', '8874', '1673']
157['7361', '318', '1221', '1208', '4973', '858', '296', '750', '1198', '7153']
158['318', '1228', '750', '1276', '904', '50', '527', '2324', '1203', '1222']
159['54001', '953', '1204', '5690', '912', '1250', '1276', '81834', '177593', '48516']
160['27611', '4235', '72998', '5902', '64614', '168252', '2232', '5422', '7293', '5618']
161['912', '3435', '858', '608', '905', '3275', '112852', '58559', '5690', '1221']
162['110', '930', '1276', '6016', '899', '1203', '1197', '3275', '5690', '1221']
163['1204', '69481', '750', '3030', '1276', '5618', '2329', '475', '720', '4226']
164['318', '922', '50', '1104', '1221', '1204', '750', '1228', '356', '3916']
165['318', '1204', '1237', '56782', '1208', '904', '296', '57669', '50', '1104']
166['750', '1213', '1204', '1228', '951', '58559', '1242', '1223', '1208', '3451']
167['2959', '1204', '527', '1250', '162', '1223', '858', '3996', '1209', '912']
168['48516', '318', '50', '1104', '3275', '6350', '2571', '914', '2959', '142488']
169['50', '110', '1208', '1213', '112552', '904', '922', '858', '1262', '1104']
170['1204', '57669', '3451', '1252', '2329', '1104', '5690', '2324', '1265', '951']
171['110', '1213', '1222', '1258', '2329', '2571', '2761', '2959', '3578', '6874']
172['318', '7153', '951', '3147', '750', '6016', '56782', '1089', '1041', '1259']
173['1276', '2788', '750', '1262', '1235', '1217', '3037', '1249', '908', '6350']
174['750', '105504', '3435', '215', '3147', '1178', '1198', '4848', '1041', '2194']
175['1207', '1262', '1225', '1172', '1104', '356', '1732', '1193', '1250', '1274']
176['750', '7361', '4973', '904', '1276', '720', '3037', '7153', '2571', '2329']
177['6350', '745', '7156', '48738', '1246', '2677', '1248', '112552', '6818', '1204']
178['1217', '1104', '1266', '858', '3275', '541', '246', '1249', '3037', '1089']
179['750', '1237', '1228', '246', '1235', '1223', '1198', '1276', '3435', '1267']
180['750', '1089', '741', '1193', '527', '1178', '1258', '930', '58559', '1221']
181['750', '1178', '1217', '1276', '1242', '2788', '1197', '246', '6350', '1262']
182['1203', '3030', '8132', '81591', '5500', '2160', '48774', '1223', '89745', '38038']
183['1237', '56782', '1228', '1213', '318', '1178', '2571', '904', '2186', '1250']
184['2571', '296', '293', '912', '318', '1704', '2959', '858', '306', '50']
185['908', '5618', '318', '527', '1201', '1148', '912', '1104', '2788', '3275']
186['318', '720', '527', '6711', '7153', '1283', '3451', '5995', '904', '922']
187['914', '2019', '3503', '246', '720', '1267', '1193', '2160', '1247', '69']
188['50', '1089', '1136', '318', '48516', '58559', '1266', '5618', '858', '1221']
189['922', '1199', '1204', '1104', '7361', '1262', '750', '1197', '898', '50']
190['58559', '1225', '1204', '50', '1203', '1199', '78499', '1089', '3147', '1208']
191['1193', '912', '2858', '1204', '1217', '4993', '1148', '4973', '1945', '969']
192['750', '318', '260', '2571', '741', '1207', '1248', '142488', '4878', '3508']
193['1945', '930', '912', '4144', '7361', '933', '1104', '741', '1258', '750']
194['356', '1233', '1148', '2959', '318', '1235', '1262', '1104', '741', '953']
195['7361', '1204', '3147', '56782', '930', '1193', '57669', '1258', '4144', '4993']
196['750', '50', '5618', '3147', '318', '79132', '1222', '1213', '356', '1248']
197['2959', '3275', '750', '4226', '1104', '1278', '4973', '106642', '7371', '2324']
198['1356', '54997', '3275', '1957', '1276', '1207', '92535', '3871', '78499', '112552']
199['4993', '1090', '68157', '1237', '1945', '1221', '720', '924', '3347', '1203']
200['3037', '177593', '50', '4262', '951', '2329', '1222', '4011', '1104', '81845']
201['318', '57669', '1204', '2571', '750', '1193', '1178', '50', '1089', '4973']
202['720', '2019', '5618', '1217', '898', '1252', '904', '1250', '1945', '1732']
203['750', '541', '1245', '1233', '1204', '1235', '1222', '1089', '1248', '1276']
204['356', '2324', '1276', '1270', '750', '1213', '38061', '1198', '318', '1201']
205['2324', '318', '2959', '1276', '50', '5952', '1203', '4993', '904', '1223']
206['750', '1148', '2324', '1252', '1250', '1237', '48516', '741', '908', '1204']
207['318', '593', '1198', '1234', '924', '904', '260', '4226', '2028', '3508']
208['296', '318', '1278', '527', '356', '1198', '1270', '3468', '1204', '1197']
209['912', '260', '5618', '1223', '1148', '750', '1193', '1203', '1201', '1213']
210['356', '3275', '318', '54997', '56782', '904', '1197', '48516', '1266', '8132']
211['1204', '1252', '912', '4973', '1193', '2019', '1197', '68157', '930', '44555']
212['1276', '1247', '898', '951', '3681', '38061', '1041', '6016', '527', '1217']
213['720', '4973', '318', '904', '1212', '3275', '3451', '246', '750', '1262']
214['296', '1248', '2959', '2019', '858', '48516', '1104', '951', '3451', '1221']
215['57669', '112552', '922', '4995', '106642', '333', '48516', '1446', '6377', '162']
216['858', '750', '593', '296', '2959', '1276', '7153', '47', '1228', '4993']
217['4306', '3508', '3037', '904', '4011', '47099', '7371', '4144', '5995', '44555']
218['318', '1276', '912', '56782', '4144', '5690', '7361', '48516', '2329', '79132']
219['527', '4973', '720', '1080', '1234', '1223', '1261', '745', '1258', '902']
220['3508', '903', '720', '44555', '1221', '475', '527', '1283', '750', '924']
221['1248', '933', '246', '3508', '3451', '1230', '2067', '720', '44555', '48516']
222['750', '1223', '1250', '8874', '1136', '3671', '1197', '1262', '1237', '3468']
223['527', '5618', '1196', '912', '720', '3451', '1266', '1225', '1200', '908']
224['4995', '750', '1262', '1250', '908', '1237', '1252', '56782', '318', '899']
225['527', '318', '6787', '1250', '1237', '2329', '57669', '1262', '6016', '2019']
226['318', '750', '527', '246', '1250', '1213', '858', '1080', '904', '1086']
227['1213', '1104', '910', '1217', '50', '1945', '78499', '3435', '1221', '898']
228['246', '1266', '4973', '3275', '38061', '3451', '1089', '1136', '1104', '1276']
229['68157', '1217', '1203', '1223', '5618', '27611', '5690', '933', '7361', '1208']
230['7361', '142488', '56782', '1041', '60069', '1266', '106642', '1089', '104879', '866']
231['1136', '1245', '1252', '79132', '750', '1204', '318', '541', '741', '356']
232['1221', '904', '50', '913', '4011', '2324', '1208', '1213', '56782', '1704']
233['260', '904', '1197', '741', '1276', '898', '1198', '168252', '1270', '1245']
234['318', '1193', '3147', '3429', '904', '1208', '7090', '1204', '105504', '3213']
235['1198', '904', '1266', '3451', '1617', '720', '1148', '1250', '2324', '1247']
236['750', '2959', '1204', '4993', '1198', '1104', '296', '4226', '2019', '858']
237['7153', '5690', '3681', '246', '2019', '2324', '5618', '1266', '1104', '541']
238['1104', '6350', '3275', '1197', '750', '898', '1248', '6711', '720', '1242']
239['68157', '7361', '89904', '112552', '1242', '142488', '2324', '750', '5618', '3683']
240['904', '778', '48516', '3949', '913', '1247', '1213', '928', '1203', '1104']
241['750', '1197', '1276', '1136', '741', '142488', '1228', '1261', '1207', '1223']
242['1198', '858', '1221', '898', '750', '50', '56782', '3083', '2959', '1228']
243['50', '2329', '2959', '318', '2288', '2324', '6350', '1237', '72226', '1178']
244['1204', '858', '318', '50', '260', '1252', '1250', '2324', '1104', '1234']
245['1276', '750', '1104', '904', '50', '1084', '1213', '54997', '1228', '1262']
246['1084', '1276', '922', '750', '318', '904', '3681', '2324', '105504', '1104']
247['750', '1148', '1208', '1262', '1228', '1204', '1252', '1104', '898', '1276']
248['31658', '4878', '2324', '246', '2329', '5618', '589', '4995', '1242', '1223']
249['1104', '1223', '2324', '1136', '1278', '1204', '2019', '3030', '1208', '1233']
250['50', '904', '1198', '1217', '750', '4973', '2959', '1233', '3037', '4144']
251['1198', '112552', '912', '2019', '4226', '4995', '5618', '858', '1249', '1204']
252['318', '50', '898', '4011', '527', '112552', '858', '1104', '3275', '260']
253['750', '1148', '4993', '1204', '1178', '4011', '3435', '1262', '1198', '1203']
254['750', '1203', '246', '1221', '2160', '1223', '1193', '898', '1217', '1148']
255['7361', '1089', '1228', '2959', '318', '3147', '260', '1172', '1884', '110']
256['1223', '1278', '750', '1204', '1104', '356', '866', '1249', '902', '1237']
257['527', '64716', '1262', '2959', '1198', '904', '318', '1104', '3275', '1299']
258['858', '50', '1204', '904', '296', '1248', '1213', '58559', '2028', '750']
259['246', '3468', '4967', '318', '1198', '750', '3451', '1208', '1213', '7371']
260['318', '912', '2160', '1276', '1203', '475', '356', '914', '105504', '3681']
261['750', '246', '1214', '3508', '3275', '1266', '866', '1945', '4993', '1252']
262['750', '8874', '3949', '4878', '7361', '1197', '1136', '2732', '68157', '246']
263['1213', '750', '1276', '1208', '260', '1104', '2959', '1178', '1198', '1089']
264['318', '260', '912', '3451', '1197', '58559', '1225', '5618', '951', '7153']
265['356', '2959', '912', '1148', '1223', '1221', '527', '306', '1249', '78499']
266['6874', '1267', '5902', '2858', '741', '1221', '7361', '5618', '246', '5952']
267['527', '318', '3275', '1250', '908', '3114', '1217', '6350', '1204', '912']
268['750', '296', '318', '68157', '923', '1104', '1217', '916', '1265', '6016']
269['318', '4973', '7153', '68954', '902', '922', '1148', '720', '1172', '2959']
270['296', '750', '50', '356', '1270', '5690', '79132', '1219', '1245', '1237']
271['750', '527', '318', '5690', '3275', '58559', '38061', '1210', '2571', '3429']
272['1276', '50', '858', '7361', '1228', '608', '260', '4973', '1249', '904']
273['1213', '2571', '318', '2324', '1204', '2959', '750', '904', '1208', '1276']
274['1223', '246', '741', '1204', '3030', '4973', '81845', '91529', '1104', '2360']
275['6711', '27156', '7438', '5617', '6874', '2398', '1104', '148626', '99114', '1235']
276['457', '954', '1197', '1198', '1258', '1291', '2542', '2571', '2959', '3147']
277['2571', '3435', '2324', '2959', '1198', '1204', '1278', '1199', '2019', '4226']
278['750', '1276', '1193', '904', '58559', '1204', '898', '2324', '4306', '858']
279['720', '3508', '1248', '3275', '912', '1283', '1204', '2160', '7090', '2324']
280['898', '47', '750', '858', '74458', '904', '1196', '54001', '3435', '1258']
281['1198', '318', '1204', '858', '1221', '296', '2019', '1252', '2959', '1197']
282['541', '3275', '5618', '1223', '1262', '7361', '904', '27773', '58', '1197']
283['2571', '858', '7361', '1213', '904', '3468', '4011', '48516', '2959', '1199']
284['3147', '750', '1270', '1223', '1262', '260', '1197', '1198', '7361', '3275']
285['541', '1228', '318', '1223', '2959', '1136', '951', '1041', '1208', '750']
286['1203', '318', '1276', '68157', '2160', '720', '750', '2324', '293', '741']
287['1148', '541', '8874', '7361', '593', '55820', '1223', '750', '3000', '741']
288['858', '1203', '1221', '50', '2019', '1104', '913', '1217', '720', '2858']
289['898', '2571', '296', '1278', '1237', '1242', '608', '1198', '527', '3275']
290['1197', '1217', '1203', '3451', '1104', '3468', '58559', '78499', '6016', '68157']
291['3578', '1089', '2959', '3275', '318', '1242', '1193', '1213', '1262', '1197']
292['1197', '1234', '908', '1350', '5690', '40815', '3275', '1086', '44195', '3508']
293['1208', '750', '1197', '48516', '1204', '1104', '7371', '1223', '1233', '898']
294['58559', '2959', '318', '904', '1193', '162', '1228', '912', '741', '7234']
295['750', '7361', '1197', '58559', '608', '1248', '1288', '1732', '904', '1233']
296['6016', '1208', '1197', '4967', '1198', '6787', '1172', '1237', '750', '1276']
297['858', '4878', '296', '720', '4973', '1266', '1215', '1196', '1136', '1213']
298['593', '1080', '2329', '1148', '3030', '527', '3910', '1172', '1283', '1223']
299['51255', '246', '898', '858', '1204', '7153', '750', '68157', '1136', '1242']
300['1204', '68954', '1199', '296', '58559', '1217', '898', '858', '1104', '750']
301['930', '56367', '1136', '57669', '1200', '260', '1104', '134130', '4993', '2542']
302['7153', '4993', '750', '5952', '48516', '58559', '527', '1244', '1204', '79132']
303['6350', '750', '1204', '44555', '3468', '79132', '91529', '3578', '930', '4105']
304['1204', '1276', '74458', '1225', '6377', '3275', '6711', '1217', '1203', '81845']
305['110', '741', '2019', '7361', '1249', '912', '913', '930', '4144', '2997']
306['1210', '1215', '58559', '8874', '6711', '2542', '112552', '1653', '1204', '898']
307['4973', '27773', '913', '1208', '750', '1199', '68157', '1719', '933', '7022']
308['5690', '899', '3967', '919', '3508', '116897', '31658', '951', '46578', '1225']
309['750', '260', '720', '858', '1221', '922', '3468', '4973', '4011', '1248']
310['6807', '858', '1219', '296', '1193', '1178', '5952', '2959', '914', '1089']
311['3435', '4973', '1089', '1197', '1136', '8132', '1210', '142488', '3275', '58559']
312['858', '1221', '1250', '1197', '1262', '1201', '318', '2019', '1104', '1283']
313['27611', '3265', '5617', '38061', '5500', '50872', '8874', '6666', '89904', '3424']
314['750', '904', '1221', '1250', '908', '1223', '1262', '1203', '1283', '541']
315['1148', '1198', '1250', '1193', '904', '750', '1213', '912', '1172', '908']
316['318', '296', '1248', '2959', '58559', '778', '930', '1104', '1193', '68954']
317['4226', '541', '1204', '1104', '1223', '741', '1201', '527', '1276', '3681']
318['3275', '898', '1276', '1204', '50872', '1178', '3435', '3030', '2329', '1041']
319['296', '7361', '1197', '1258', '750', '50', '56782', '1104', '7153', '5690']
320['1199', '1213', '7361', '2959', '1228', '3451', '1136', '48516', '318', '1197']
321['7361', '1089', '7153', '4993', '2959', '1278', '5952', '115149', '56782', '142488']
322['6711', '1104', '104879', '5690', '1204', '3275', '1242', '1945', '82459', '898']
323['4878', '951', '899', '1266', '1104', '7361', '68954', '1213', '56782', '866']
324['527', '1104', '318', '1196', '2959', '1208', '58559', '5690', '1276', '908']
325['1945', '2019', '1089', '5618', '1262', '951', '1267', '6350', '1079', '260']
326['49272', '2160', '1223', '750', '3275', '246', '1617', '866', '56782', '800']
327['2324', '866', '750', '111', '2571', '2580', '1204', '1250', '1203', '1673']
328['4993', '3200', '1283', '1103', '1276', '898', '720', '27156', '910', '1079']
329['7090', '1247', '527', '1945', '1242', '898', '88125', '1272', '926', '1209']
330['57669', '1276', '1203', '720', '1284', '2019', '5991', '1653', '1221', '54190']
331['1209', '1104', '2019', '47', '899', '1732', '1199', '4878', '4226', '48516']
332['1193', '1945', '1104', '1178', '1217', '260', '2160', '3435', '5618', '1148']
333['296', '1178', '541', '2959', '1204', '2324', '1223', '2571', '1245', '223']
334['904', '475', '1104', '57669', '48516', '1197', '1242', '50', '1276', '1212']
335['899', '3897', '1237', '1245', '1213', '904', '1276', '5618', '3275', '38061']
336['260', '1245', '1276', '1270', '720', '5618', '750', '2160', '922', '1104']
337['527', '1198', '2959', '74458', '112552', '914', '899', '1199', '2324', '6016']
338['720', '4973', '1276', '904', '1148', '2028', '1204', '260', '1237', '750']
339['1276', '3435', '720', '1222', '3275', '2542', '1104', '1267', '3681', '38061']
340['904', '1208', '1233', '720', '50', '2571', '858', '750', '1288', '1276']
341['2324', '1276', '72226', '2959', '750', '318', '904', '898', '1233', '1208']
342['318', '1089', '4011', '105504', '1196', '6016', '260', '1197', '48516', '1288']
343['750', '246', '1250', '1237', '866', '7361', '1223', '1682', '904', '1235']
344['4896', '1204', '6711', '1198', '475', '296', '1200', '112552', '3200', '866']
345['1248', '1084', '296', '750', '2959', '541', '904', '7371', '1204', '922']
346['1276', '318', '1673', '1197', '1245', '2324', '951', '38061', '922', '914']
347['6350', '1223', '1104', '1704', '1262', '48516', '593', '112552', '441', '1248']
348['1258', '930', '1203', '7153', '741', '1204', '168252', '1089', '1247', '951']
349['2571', '2959', '750', '318', '1411', '50', '1276', '1104', '2324', '1197']
350['2571', '1242', '246', '904', '1104', '1217', '318', '1223', '3275', '1198']
351['318', '3275', '50', '2324', '1104', '1276', '110', '898', '1249', '8874']
352['1210', '110', '1233', '56782', '3275', '1945', '3508', '750', '6711', '3435']
353['1198', '750', '1204', '527', '1223', '1203', '44195', '1242', '2959', '922']
354['912', '1104', '58559', '1252', '922', '720', '6016', '475', '112552', '2019']
355['1266', '912', '1204', '1217', '318', '2502', '296', '5618', '5952', '1208']
356['5690', '1276', '2329', '1217', '750', '527', '1196', '3451', '908', '99114']
357['904', '5690', '60069', '1228', '1945', '6711', '1673', '912', '1222', '1204']
358['1248', '1089', '930', '1242', '89904', '68157', '1357', '2791', '4239', '1204']
359['2959', '1104', '899', '318', '910', '6711', '1213', '904', '4973', '741']
360['1276', '912', '5690', '1215', '1673', '750', '7156', '1242', '1178', '1204']
361['4995', '899', '106642', '3967', '5690', '31658', '4235', '2580', '364', '88810']
362['1104', '4226', '1233', '741', '951', '1242', '750', '2542', '2997', '1199']
363['3275', '56782', '142488', '68954', '593', '750', '356', '1207', '3451', '2360']
364['912', '1193', '1252', '7153', '750', '1617', '1104', '318', '2019', '930']
365['6016', '1104', '4034', '50', '866', '56782', '142488', '1041', '44195', '6787']
366['1276', '4144', '2324', '4848', '111', '318', '1249', '142488', '3275', '2160']
367['31658', '1197', '951', '750', '7153', '26662', '1204', '1222', '1276', '122926']
368['318', '79132', '1148', '1204', '7153', '2959', '912', '6016', '1209', '5952']
369['3275', '6711', '318', '1199', '48516', '296', '246', '1223', '3578', '1197']
370['922', '1204', '750', '720', '106642', '904', '1225', '1250', '1036', '2028']
371['260', '356', '1136', '1197', '1270', '2542', '318', '1704', '48516', '112552']
372['2571', '2959', '4226', '750', '81834', '2028', '4011', '2324', '5833', '4963']
373['912', '2571', '2019', '2959', '1221', '7153', '4973', '5618', '68954', '858']
374['56782', '2324', '2959', '5952', '7153', '4993', '1198', '6016', '951', '858']
375['1193', '7361', '50', '56782', '1104', '1217', '1233', '904', '1237', '750']
376['74458', '1237', '57669', '318', '3508', '908', '5690', '2019', '1136', '6350']
377['527', '912', '1250', '318', '5618', '1148', '1237', '2324', '2571', '1222']
378['356', '1204', '1148', '111', '750', '1250', '912', '6283', '1228', '1217']
379['3578', '1104', '1228', '8132', '3275', '930', '3429', '475', '1233', '1262']
380['2858', '48516', '1206', '106782', '1212', '96821', '3030', '2019', '1204', '910']
381['5690', '1084', '908', '56782', '3451', '1178', '912', '76093', '6350', '122918']
382['1148', '1217', '541', '1193', '1209', '1208', '1732', '5618', '529', '2324']
383['318', '922', '50', '4995', '858', '951', '912', '1276', '1204', '750']
384['2571', '750', '1221', '260', '1198', '858', '1203', '58559', '68157', '50']
385['2858', '2959', '1250', '1247', '904', '48516', '27773', '2019', '778', '1089']
386['4973', '3949', '1258', '1196', '7361', '1089', '741', '2329', '2959', '1197']
387['720', '4011', '1203', '5952', '7153', '1259', '1217', '3468', '6787', '3740']
388['318', '750', '50', '8961', '1237', '7361', '904', '1252', '1198', '78499']
389['110', '58559', '589', '750', '922', '1228', '79132', '7153', '142488', '5690']
390['1198', '2324', '1276', '1204', '750', '3275', '778', '57669', '1223', '122926']
391['1262', '745', '933', '1203', '1217', '1288', '909', '6016', '5690', '951']
392['750', '858', '4011', '1617', '7153', '5952', '2324', '2028', '1213', '2571']
393['1704', '3030', '1246', '50', '364', '2682', '1197', '4973', '5764', '117176']
394['750', '1204', '1276', '7361', '318', '246', '720', '5690', '48516', '898']
395['1248', '750', '930', '2019', '79132', '1222', '88810', '1104', '1204', '3147']
396['858', '1221', '1198', '1228', '2959', '7361', '48516', '750', '1204', '2324']
397['1198', '7361', '318', '1291', '1215', '1197', '1041', '1172', '1276', '1196']
398['318', '1276', '3275', '899', '750', '2959', '56782', '1217', '741', '74458']
399['1704', '1258', '1197', '318', '2300', '56782', '50', '7371', '106642', '3275']
400['2019', '1104', '1204', '1201', '4226', '1247', '2324', '750', '720', '1089']
401['1089', '1148', '296', '318', '1193', '1222', '1237', '1248', '48516', '1276']
402['2571', '318', '741', '260', '56782', '2324', '49272', '58559', '778', '1270']
403['318', '50', '858', '922', '6787', '48516', '720', '57669', '898', '69481']
404['750', '904', '1258', '1225', '1204', '48516', '1104', '106642', '1237', '922']
405['1258', '50', '318', '1237', '58559', '858', '898', '3424', '48516', '7153']
406['1617', '1104', '457', '1247', '1221', '1223', '858', '593', '1203', '720']
407['1136', '6016', '318', '1104', '50', '105504', '1276', '750', '1204', '1249']
408['720', '1213', '1204', '7361', '50', '1217', '4973', '3275', '1136', '1276']
409['1104', '750', '3275', '898', '2329', '1237', '1089', '1617', '1201', '3328']
410['306', '951', '1223', '50', '1215', '899', '898', '1284', '1225', '6350']
411['750', '1270', '1200', '2028', '1223', '1204', '541', '913', '904', '1221']
412['750', '1204', '1225', '318', '3275', '527', '720', '68157', '1262', '2324']
413['112552', '750', '6350', '38061', '2788', '1248', '44195', '908', '5618', '1089']
414['2324', '1203', '1209', '1287', '71899', '1283', '2788', '105197', '1219', '3503']
415['527', '898', '720', '1104', '4973', '1208', '1089', '1200', '1262', '1248']
416['7361', '3451', '3147', '58559', '912', '1193', '111', '1248', '1217', '246']
417['750', '260', '2324', '3424', '56782', '1136', '1104', '1178', '57669', '3147']
418['1228', '922', '3266', '1252', '1213', '1261', '260', '858', '4967', '3468']
419['79132', '1210', '246', '1356', '866', '1198', '589', '1207', '3275', '741']
420['50', '1204', '1242', '1104', '2324', '1276', '5618', '6016', '91529', '3451']
421['2959', '922', '296', '4226', '914', '6711', '3275', '741', '2329', '3972']
422['2858', '527', '1197', '1208', '1204', '1196', '1234', '608', '1104', '1136']
423['1246', '1247', '922', '1104', '1288', '1248', '2959', '1203', '1217', '106642']
424['1104', '1204', '914', '1673', '1244', '6711', '1276', '899', '8874', '1225']
425['1266', '1223', '48516', '904', '1104', '1242', '475', '2324', '1217', '1204']
426['1270', '457', '3037', '97304', '3213', '177593', '1207', '926', '96829', '3328']
427['1104', '750', '1204', '2019', '904', '105504', '3424', '1198', '541', '318']
428['4226', '1199', '2019', '858', '750', '6787', '1213', '3147', '1228', '1197']
429['899', '7153', '356', '1204', '1233', '2571', '1221', '1104', '58559', '903']
430['296', '750', '912', '898', '1204', '1136', '1104', '68157', '904', '58559']
431['318', '2571', '2329', '750', '1213', '38061', '260', '48516', '58559', '177593']
432['899', '44555', '3967', '1266', '26776', '3451', '1104', '3275', '1276', '1262']
433['1204', '3435', '3429', '56782', '1104', '1228', '1199', '951', '3030', '1136']
434['1148', '2019', '923', '1250', '1201', '720', '4973', '3949', '3730', '50']
435['7153', '750', '1197', '1276', '1248', '5690', '1104', '1198', '1261', '1252']
436['1276', '904', '1262', '750', '898', '475', '4973', '105504', '3429', '2324']
437['858', '2858', '2959', '1136', '1221', '2019', '1276', '4226', '1089', '1209']
438['2324', '1204', '904', '750', '293', '1291', '1213', '1104', '50', '858']
439['1196', '260', '1221', '2959', '1276', '858', '1213', '2324', '1233', '6377']
440['2959', '356', '1210', '2324', '1270', '1198', '318', '1089', '1213', '1276']
441['318', '1704', '750', '56782', '3030', '8132', '1104', '741', '1242', '1204']
442['318', '904', '57669', '50', '56782', '858', '1237', '58559', '1228', '951']
443['1250', '1178', '930', '78499', '2398', '57669', '908', '3468', '6787', '44555']
444['58559', '5618', '2571', '48516', '720', '1246', '1104', '4226', '904', '1213']
445['1204', '1203', '1276', '858', '1248', '933', '1281', '1278', '1199', '904']
446['1104', '48516', '2959', '1223', '1148', '3435', '898', '541', '6787', '5618']
447['58559', '7153', '1248', '3468', '912', '68954', '4973', '720', '1213', '741']
448['1732', '318', '5618', '1222', '1252', '148626', '3037', '71899', '1204', '1219']
449['1233', '296', '858', '60069', '904', '750', '1225', '68954', '1276', '1204']
450['318', '296', '1204', '356', '2571', '1104', '56782', '68954', '1270', '741']
451['858', '318', '750', '5618', '50', '296', '778', '356', '1276', '6016']
452['1', '50', '1208', '2329', '2959', '318', '1704', '48516', '58559', '68157']
453['1217', '1270', '1266', '904', '1250', '6016', '910', '80489', '1104', '1193']
454['750', '1204', '3435', '68157', '898', '1673', '858', '246', '930', '922']
455['750', '1193', '1198', '49272', '1204', '969', '1250', '904', '6377', '908']
456['2571', '50', '1204', '246', '951', '1278', '750', '318', '4993', '720']
457['50', '750', '1204', '5500', '296', '1245', '904', '68157', '1276', '720']
458['2028', '142488', '1204', '1242', '1248', '1208', '1148', '1704', '246', '79132']
459['913', '908', '527', '58559', '898', '1193', '6016', '750', '3949', '912']
460['898', '750', '1204', '7361', '1104', '1203', '1250', '1237', '50', '4973']
461['1276', '1225', '1104', '111', '1201', '5690', '2329', '922', '3451', '903']
462['1262', '104374', '3671', '800', '1250', '3451', '1212', '7981', '6305', '898']
463['318', '3275', '750', '3451', '2324', '56782', '1228', '922', '4011', '3147']
464['1233', '1204', '899', '2324', '3508', '1198', '1276', '1223', '6377', '1089']
465['318', '1104', '5690', '1193', '898', '56782', '1233', '5618', '1276', '2019']
466['1204', '898', '750', '1673', '1250', '1237', '27611', '2324', '1215', '800']
467['750', '1248', '1197', '2959', '858', '914', '1204', '1221', '1276', '7153']
468['1197', '1235', '1228', '1276', '1193', '356', '6711', '246', '1233', '4226']
469['1217', '4226', '7361', '5952', '7153', '4973', '5618', '246', '720', '5690']
470['2324', '2959', '1223', '750', '904', '4973', '7153', '5618', '1203', '1242']
471['318', '1089', '1217', '1213', '58559', '50', '951', '1228', '858', '930']
472['260', '3275', '1197', '5618', '2571', '356', '3508', '1196', '1213', '1262']
473['858', '296', '1089', '1248', '50', '1041', '1199', '1204', '1213', '38061']
474['106642', '2542', '26810', '56782', '57669', '76093', '80549', '51255', '58559', '89745']
475['110', '296', '1089', '2959', '318', '112552', '1199', '1266', '2324', '541']
476['912', '1199', '44195', '7361', '922', '904', '110', '1172', '930', '1203']
477['858', '1206', '2329', '912', '3424', '1704', '1178', '1617', '1221', '3681']
478['527', '1223', '318', '2324', '1203', '904', '475', '1266', '1204', '1250']
479['4973', '912', '1221', '1197', '608', '750', '4226', '6874', '7153', '2571']
480['109487', '58559', '912', '1233', '899', '1172', '1199', '7022', '99114', '1201']
481['904', '318', '858', '3424', '475', '112552', '56782', '3275', '1258', '2858']
482['110', '2571', '2324', '68157', '750', '356', '79132', '745', '1258', '1272']
483['1209', '1204', '1089', '1258', '4878', '1233', '1276', '1213', '3451', '27773']
484['50', '1276', '1228', '162', '951', '1136', '1104', '7153', '34405', '1225']
485['5618', '3275', '1222', '1041', '1104', '246', '318', '7090', '1223', '89492']
486['2571', '2028', '1237', '1266', '904', '79132', '4973', '2202', '3468', '1248']
487['1228', '1221', '858', '1199', '1136', '898', '48774', '1262', '914', '2997']
488['260', '2959', '1203', '3949', '1250', '356', '1221', '58559', '1270', '1196']
489['2997', '1209', '1215', '50', '8132', '148626', '6711', '4499', '318', '1208']
490['318', '858', '904', '750', '912', '720', '293', '1204', '110', '1208']
491['1262', '2160', '6016', '1041', '1270', '6350', '105504', '5690', '1178', '1148']
492['3451', '899', '318', '953', '1266', '1104', '356', '1225', '904', '64716']
493['50', '318', '296', '7153', '4973', '951', '778', '741', '2858', '58559']
494['318', '527', '1213', '1262', '904', '356', '1217', '1387', '6016', '7153']
495['296', '1197', '5500', '110', '2858', '904', '1215', '5690', '1212', '1270']
496['318', '1204', '1228', '5618', '750', '110', '356', '1266', '1208', '57669']
497['64614', '1089', '56782', '1748', '5902', '38061', '110', '1262', '2542', '3275']
498['1262', '1270', '1250', '111', '1197', '4995', '1223', '91529', '1213', '750']
499['1237', '7361', '5618', '2160', '3275', '2788', '750', '1172', '1217', '2571']
500['858', '922', '1199', '1196', '6787', '47', '1213', '1198', '3468', '1041']
501['2571', '318', '750', '356', '1215', '904', '1266', '3275', '1223', '1270']
502['1220', '296', '1198', '5952', '50', '858', '260', '223', '2959', '2571']
503['50', '898', '4993', '2019', '720', '1196', '928', '3451', '3468', '1104']
504['904', '898', '318', '922', '750', '1276', '1104', '1225', '858', '1233']
505['7153', '318', '5618', '1089', '5952', '58559', '1221', '296', '1041', '2571']
506['5995', '1252', '318', '1197', '6787', '3275', '1172', '1237', '2329', '4995']
507['50', '2571', '58559', '1208', '318', '1104', '1089', '5618', '4226', '48516']
508['4973', '750', '1210', '1249', '356', '2571', '1204', '2324', '318', '741']
509['750', '1228', '527', '1193', '2959', '3681', '1104', '1261', '7361', '318']
510['296', '2571', '1204', '898', '912', '293', '318', '4973', '27773', '68157']
511['1262', '6016', '1204', '1136', '750', '296', '1199', '1276', '3147', '246']
512['858', '1198', '2019', '904', '260', '1262', '6016', '1250', '912', '1221']
513['1203', '908', '6350', '4973', '2329', '1204', '5618', '68954', '1199', '3275']
514['318', '750', '912', '1276', '527', '1203', '858', '5618', '38061', '1201']
515['110', '608', '1089', '1136', '1208', '1222', '914', '162', '475', '898']
516['356', '318', '1262', '1233', '1237', '78499', '1265', '2791', '858', '1204']
517['89864', '534', '3911', '1084', '27751', '2503', '3727', '3275', '2125', '3451']
518['858', '246', '1204', '3275', '296', '1041', '318', '1089', '1222', '1394']
519['296', '2571', '1089', '58559', '48516', '56782', '5690', '1104', '1221', '3275']
520['720', '1172', '58559', '1209', '1237', '1248', '902', '6350', '105504', '29']
521['457', '1204', '1242', '1248', '1222', '475', '3275', '92259', '3435', '3949']
522['1172', '1225', '898', '1237', '1035', '1204', '5995', '3147', '6787', '750']
523['50', '260', '593', '1089', '1136', '1208', '1210', '1213', '1617', '2329']
524['1223', '2067', '1276', '3037', '2858', '2959', '1281', '3508', '3275', '1283']
525['6016', '92259', '56782', '1225', '1276', '1258', '1089', '2329', '1204', '1203']
526['68157', '5618', '1089', '1248', '1208', '1222', '1212', '3275', '1245', '1242']
527['56782', '2788', '1245', '5618', '2571', '750', '356', '318', '1249', '1235']
528['44195', '5618', '1210', '1089', '5500', '4262', '1249', '6857', '1204', '3681']
529['318', '1276', '527', '1225', '1196', '3451', '58559', '1262', '4973', '951']
530['318', '1104', '1221', '1270', '858', '1203', '1223', '930', '1237', '1276']
531['2959', '318', '1276', '1196', '1136', '858', '296', '1210', '6711', '7361']
532['7361', '3275', '1262', '1248', '930', '91529', '79132', '50', '7156', '1172']
533['318', '904', '50', '858', '260', '3275', '475', '1196', '1212', '58559']
534['750', '1276', '1223', '110', '904', '1262', '898', '92259', '1237', '2788']
535['1104', '68954', '296', '908', '318', '6016', '527', '3275', '50', '3681']
536['750', '1204', '898', '608', '1252', '1213', '1250', '1222', '1237', '866']
537['296', '56782', '46578', '1248', '750', '1237', '1223', '1041', '4995', '1198']
538['356', '318', '750', '1262', '1104', '898', '6377', '56782', '57669', '1270']
539['898', '750', '1223', '3578', '88163', '56782', '2324', '7360', '106642', '3451']
540['318', '858', '527', '1213', '904', '2324', '1198', '750', '3275', '58559']
541['2571', '109487', '3275', '58559', '2542', '2959', '2028', '1217', '750', '4973']
542['2324', '527', '4011', '1213', '741', '922', '110', '1210', '177593', '112552']
543['260', '457', '1136', '1198', '1222', '1278', '2692', '3740', '5060', '74458']
544['50', '1213', '318', '475', '898', '3508', '750', '922', '858', '1207']
545['750', '1223', '3681', '593', '7361', '111', '1276', '1204', '246', '318']
546['318', '1104', '741', '904', '1234', '1204', '1148', '930', '111', '910']
547['1258', '2160', '247', '318', '31658', '5618', '1245', '3508', '2324', '3328']
548['750', '5690', '1204', '1276', '1235', '4973', '1233', '50', '318', '1249']
549['750', '1204', '1233', '2324', '1222', '2288', '608', '1089', '168252', '1266']
550['3275', '50', '593', '1198', '3451', '1233', '912', '1199', '5618', '2202']
551['50', '48516', '72226', '2329', '898', '750', '44555', '142488', '3275', '81834']
552['318', '858', '260', '1266', '5618', '1204', '1209', '4226', '593', '1213']
553['318', '527', '58559', '68954', '1104', '930', '1258', '5618', '1242', '1210']
554['356', '1235', '4262', '954', '1197', '904', '1270', '318', '741', '1266']
555['1221', '858', '16', '924', '6016', '168252', '1203', '1256', '3996', '4308']
556['2959', '318', '1199', '1198', '1089', '6016', '1213', '3275', '953', '904']
557['110', '1204', '912', '2019', '898', '1225', '741', '1222', '1945', '1235']
558['2571', '318', '930', '4011', '112552', '2329', '1266', '2542', '1245', '50']
559['1204', '2858', '1136', '1228', '1193', '912', '750', '1219', '246', '5690']
560['1204', '858', '750', '3275', '1223', '1206', '2324', '318', '71899', '177593']
561['858', '1221', '750', '1199', '1203', '720', '5618', '2019', '912', '1248']
562['1193', '750', '904', '908', '7371', '105504', '1178', '1245', '1252', '57669']
563['318', '1200', '1204', '4973', '1172', '1193', '527', '3147', '58559', '260']
564['50', '296', '4226', '1245', '1204', '750', '6711', '1242', '3275', '898']
565['1104', '750', '1217', '2959', '1262', '1198', '4011', '858', '3451', '6016']
566['1197', '260', '48516', '4011', '2542', '1208', '858', '142488', '47', '1196']
567['2571', '1204', '1221', '858', '296', '1089', '1213', '68157', '2683', '2360']
568['318', '858', '2858', '1204', '898', '1221', '527', '912', '2019', '6711']
569['2959', '3275', '1247', '2324', '318', '6350', '913', '750', '7361', '922']
570['1089', '4973', '3275', '68157', '1203', '750', '6711', '38061', '1208', '3435']
571['296', '68157', '4973', '750', '2028', '2324', '2571', '904', '5690', '177593']
572['296', '50', '3030', '1203', '1217', '441', '1245', '2959', '3508', '4878']
573['750', '1223', '3200', '1704', '922', '441', '3681', '1204', '2324', '5026']
574['1104', '50', '48516', '356', '2571', '2959', '2329', '6539', '1198', '3275']
575['1197', '5618', '7361', '6787', '1208', '318', '2160', '1228', '3949', '110']
576['2959', '2324', '3275', '112552', '858', '1204', '5618', '527', '1193', '1217']
577['1148', '2788', '1204', '1276', '750', '1249', '1223', '1172', '6016', '2324']
578['318', '858', '1212', '904', '912', '1197', '1199', '58559', '1213', '527']
579['750', '142488', '1222', '1248', '48516', '3681', '1104', '44195', '1245', '38061']
580['1258', '1041', '89904', '174053', '1233', '54503', '2324', '1279', '104879', '1242']
581['858', '1204', '260', '1196', '56782', '1213', '912', '1198', '3468', '3508']
582['4973', '904', '750', '318', '168252', '8132', '1204', '364', '2329', '5747']
583['318', '50', '1237', '2959', '1208', '475', '6016', '1089', '6711', '48516']
584['1276', '2788', '1249', '142488', '1223', '148626', '112552', '4973', '3037', '44195']
585['1217', '1199', '1262', '930', '1248', '3147', '318', '260', '1198', '6350']
586['356', '88810', '1148', '1223', '1245', '1237', '1204', '1235', '1250', '7371']
587['74458', '593', '969', '48780', '27801', '1250', '3629', '2329', '318', '33166']
588['750', '1197', '7438', '3451', '1208', '858', '1270', '4973', '1136', '1196']
589['1204', '2571', '1172', '1617', '2329', '1223', '1225', '4973', '2324', '750']
590['720', '1225', '741', '78499', '4973', '1104', '1199', '2019', '899', '745']
591['318', '750', '904', '922', '1204', '3275', '1104', '4011', '50', '78499']
592['1223', '750', '1235', '1233', '1617', '1228', '1673', '8874', '1222', '1215']
593['296', '1214', '2762', '1262', '1079', '2160', '1248', '1204', '750', '720']
594['2580', '3412', '2160', '1104', '4880', '81834', '80489', '80906', '142488', '1215']
595['2959', '318', '1196', '68954', '2571', '3147', '58559', '3275', '79132', '1210']
596['720', '953', '1945', '1178', '475', '2329', '898', '922', '912', '318']
597['527', '3949', '912', '1199', '1250', '2019', '4973', '1203', '2324', '6787']
598['318', '1084', '3147', '38061', '1136', '1213', '115149', '1204', '1248', '1237']
599['527', '2324', '1203', '1250', '909', '1304', '1267', '1234', '1276', '1172']
600['741', '69481', '866', '1222', '3675', '1204', '1225', '93838', '89492', '1203']
601['720', '1196', '260', '1104', '1210', '1223', '1248', '1242', '1276', '2329']
602['1248', '1245', '1222', '4973', '720', '3275', '1237', '750', '898', '913']
603['5952', '4993', '3030', '2700', '48774', '3468', '3504', '475', '7153', '2921']
604['260', '5995', '318', '1193', '1197', '908', '56782', '3030', '1104', '57669']
605['930', '1204', '4011', '1242', '318', '3147', '1237', '2959', '1258', '8370']
606['1212', '1104', '1203', '1223', '38061', '58559', '1228', '3030', '951', '109374']
607['1704', '3266', '3451', '2542', '58559', '922', '4973', '2959', '246', '1242']
608['60069', '1884', '1212', '1223', '58559', '33794', '720', '3916', '1204', '48516']
609['48516', '1213', '3451', '50', '1208', '1178', '898', '930', '912', '1084']
610['1204', '1206', '2019', '2324', '3030', '1079', '1234', '2997', '2329', '1104']
